LAYERID,CURRENCY,BOUND FXRATE USD,PERIOD FXRATE USD,PERIOD FXDATE
46362,JPY,0.008682,0.007579,2022-12-31
46363,JPY,0.008682,0.007579,2022-12-31
46364,JPY,0.008682,0.007579,2022-12-31
46365,JPY,0.008682,0.007579,2022-12-31
46366,JPY,0.008682,0.007579,2022-12-31
46367,JPY,0.008682,0.007579,2022-12-31
46369,JPY,0.008682,0.007579,2022-12-31
46371,JPY,0.008682,0.007579,2022-12-31
46372,JPY,0.008682,0.007579,2022-12-31
46635,NZD,0.676750,0.632450,2022-12-31
46636,NZD,0.676750,0.632450,2022-12-31
46637,NZD,0.676750,0.632450,2022-12-31
46638,NZD,0.676750,0.632450,2022-12-31
47653,JPY,0.008682,0.007579,2022-12-31
47654,JPY,0.008682,0.007579,2022-12-31
47655,JPY,0.008682,0.007579,2022-12-31
47656,JPY,0.008682,0.007579,2022-12-31
47657,JPY,0.008682,0.007579,2022-12-31
47658,JPY,0.008682,0.007579,2022-12-31
47659,JPY,0.008682,0.007579,2022-12-31
47660,JPY,0.008682,0.007579,2022-12-31
47661,JPY,0.008682,0.007579,2022-12-31
47662,JPY,0.008682,0.007579,2022-12-31
47665,JPY,0.008682,0.007579,2022-12-31
68233,NZD,0.676750,0.632450,2022-12-31
68234,NZD,0.676750,0.632450,2022-12-31
68235,NZD,0.676750,0.632450,2022-12-31
68236,NZD,0.676750,0.632450,2022-12-31
68237,NZD,0.676750,0.632450,2022-12-31
68238,NZD,0.676750,0.632450,2022-12-31
68239,NZD,0.676750,0.632450,2022-12-31
68240,NZD,0.676750,0.632450,2022-12-31
68243,NZD,0.676750,0.632450,2022-12-31
68244,NZD,0.676750,0.632450,2022-12-31
68245,NZD,0.676750,0.632450,2022-12-31
68303,JPY,0.008682,0.007579,2022-12-31
68305,JPY,0.008682,0.007579,2022-12-31
68306,JPY,0.008682,0.007579,2022-12-31
68311,JPY,0.008682,0.007579,2022-12-31
68313,JPY,0.008682,0.007579,2022-12-31
68392,JPY,0.008682,0.007579,2022-12-31
68393,JPY,0.008682,0.007579,2022-12-31
68394,JPY,0.008682,0.007579,2022-12-31
68395,JPY,0.008682,0.007579,2022-12-31
68681,JPY,0.008682,0.007579,2022-12-31
68682,JPY,0.008682,0.007579,2022-12-31
68683,JPY,0.008682,0.007579,2022-12-31
68684,JPY,0.008682,0.007579,2022-12-31
68777,NZD,0.676750,0.632450,2022-12-31
68779,NZD,0.676750,0.632450,2022-12-31
68780,NZD,0.676750,0.632450,2022-12-31
68781,NZD,0.676750,0.632450,2022-12-31
68782,NZD,0.676750,0.632450,2022-12-31
68784,NZD,0.676750,0.632450,2022-12-31
78138,ZAR,0.068359,0.058772,2022-12-31
90326,JPY,0.008682,0.007579,2022-12-31
90327,JPY,0.008682,0.007579,2022-12-31
90328,JPY,0.008682,0.007579,2022-12-31
90331,JPY,0.008682,0.007579,2022-12-31
90333,JPY,0.008682,0.007579,2022-12-31
90339,JPY,0.008682,0.007579,2022-12-31
90378,USD,1.000000,1.000000,2022-12-31
90925,USD,1.000000,1.000000,2022-12-31
91109,JPY,0.008682,0.007579,2022-12-31
91110,JPY,0.008682,0.007579,2022-12-31
91111,JPY,0.008682,0.007579,2022-12-31
91112,JPY,0.008682,0.007579,2022-12-31
91118,USD,1.000000,1.000000,2022-12-31
91281,USD,1.000000,1.000000,2022-12-31
91282,USD,1.000000,1.000000,2022-12-31
91283,USD,1.000000,1.000000,2022-12-31
91284,USD,1.000000,1.000000,2022-12-31
91285,USD,1.000000,1.000000,2022-12-31
91293,USD,1.000000,1.000000,2022-12-31
91406,JPY,0.008679,0.007579,2022-12-31
91407,JPY,0.008679,0.007579,2022-12-31
91408,JPY,0.008679,0.007579,2022-12-31
91530,JPY,0.008682,0.007579,2022-12-31
91531,JPY,0.008682,0.007579,2022-12-31
91532,JPY,0.008682,0.007579,2022-12-31
91535,JPY,0.008682,0.007579,2022-12-31
91536,JPY,0.008682,0.007579,2022-12-31
91543,JPY,0.008682,0.007579,2022-12-31
91546,JPY,0.008682,0.007579,2022-12-31
91580,USD,1.000000,1.000000,2022-12-31
91585,USD,1.000000,1.000000,2022-12-31
91609,USD,1.000000,1.000000,2022-12-31
91732,JPY,0.008679,0.007579,2022-12-31
91735,JPY,0.008679,0.007579,2022-12-31
91736,JPY,0.008679,0.007579,2022-12-31
91737,JPY,0.008679,0.007579,2022-12-31
91748,USD,1.000000,1.000000,2022-12-31
91749,USD,1.000000,1.000000,2022-12-31
91750,USD,1.000000,1.000000,2022-12-31
91755,USD,1.000000,1.000000,2022-12-31
91756,USD,1.000000,1.000000,2022-12-31
91757,USD,1.000000,1.000000,2022-12-31
91758,USD,1.000000,1.000000,2022-12-31
91761,USD,1.000000,1.000000,2022-12-31
91766,JPY,0.008682,0.007579,2022-12-31
91767,JPY,0.008682,0.007579,2022-12-31
91768,JPY,0.008682,0.007579,2022-12-31
91781,USD,1.000000,1.000000,2022-12-31
91782,USD,1.000000,1.000000,2022-12-31
91783,USD,1.000000,1.000000,2022-12-31
91784,USD,1.000000,1.000000,2022-12-31
91893,USD,1.000000,1.000000,2022-12-31
91963,JPY,0.008682,0.007579,2022-12-31
91964,JPY,0.008682,0.007579,2022-12-31
91965,JPY,0.008682,0.007579,2022-12-31
91966,JPY,0.008682,0.007579,2022-12-31
92232,USD,1.000000,1.000000,2022-12-31
92233,USD,1.000000,1.000000,2022-12-31
92234,USD,1.000000,1.000000,2022-12-31
92364,USD,1.000000,1.000000,2022-12-31
92365,JPY,0.008679,0.007579,2022-12-31
92366,JPY,0.008679,0.007579,2022-12-31
92488,USD,1.000000,1.000000,2022-12-31
92681,USD,1.000000,1.000000,2022-12-31
92690,USD,1.000000,1.000000,2022-12-31
92691,USD,1.000000,1.000000,2022-12-31
92692,USD,1.000000,1.000000,2022-12-31
92874,NZD,0.676750,0.632450,2022-12-31
92875,NZD,0.676750,0.632450,2022-12-31
92876,NZD,0.676750,0.632450,2022-12-31
93110,USD,1.000000,1.000000,2022-12-31
93111,USD,1.000000,1.000000,2022-12-31
93229,JPY,0.008682,0.007579,2022-12-31
93247,GTQ,0.129980,0.127353,2022-12-31
93248,GTQ,0.129980,0.127353,2022-12-31
93249,GTQ,0.129980,0.127353,2022-12-31
93250,GTQ,0.129980,0.127353,2022-12-31
93251,GTQ,0.129980,0.127353,2022-12-31
93253,GTQ,0.129980,0.127353,2022-12-31
93277,JPY,0.008682,0.007579,2022-12-31
93442,JPY,0.008682,0.007579,2022-12-31
93451,JPY,0.008682,0.007579,2022-12-31
93454,JPY,0.008682,0.007579,2022-12-31
93461,JPY,0.008682,0.007579,2022-12-31
93462,JPY,0.008682,0.007579,2022-12-31
93466,JPY,0.008682,0.007579,2022-12-31
93467,JPY,0.008682,0.007579,2022-12-31
93536,USD,1.000000,1.000000,2022-12-31
94179,USD,1.000000,1.000000,2022-12-31
94181,USD,1.000000,1.000000,2022-12-31
94841,USD,1.000000,1.000000,2022-12-31
95175,JPY,0.008682,0.007579,2022-12-31
95238,USD,1.000000,1.000000,2022-12-31
97266,USD,1.000000,1.000000,2022-12-31
99648,ZAR,0.064169,0.058772,2022-12-31
99887,CAD,0.782442,0.738035,2022-12-31
100711,USD,1.000000,1.000000,2022-12-31
68314,JPY,0.008682,0.007579,2022-12-31
80959,NOK,0.114557,0.101513,2022-12-31
91023,USD,1.000000,1.000000,2022-12-31
91024,USD,1.000000,1.000000,2022-12-31
92479,USD,1.000000,1.000000,2022-12-31
92480,USD,1.000000,1.000000,2022-12-31
92481,USD,1.000000,1.000000,2022-12-31
92482,USD,1.000000,1.000000,2022-12-31
92483,USD,1.000000,1.000000,2022-12-31
94053,USD,1.000000,1.000000,2022-12-31
94054,USD,1.000000,1.000000,2022-12-31
94055,USD,1.000000,1.000000,2022-12-31
94056,USD,1.000000,1.000000,2022-12-31
94282,USD,1.000000,1.000000,2022-12-31
94283,USD,1.000000,1.000000,2022-12-31
94284,USD,1.000000,1.000000,2022-12-31
94285,USD,1.000000,1.000000,2022-12-31
94286,USD,1.000000,1.000000,2022-12-31
94816,USD,1.000000,1.000000,2022-12-31
94817,USD,1.000000,1.000000,2022-12-31
94818,USD,1.000000,1.000000,2022-12-31
94819,USD,1.000000,1.000000,2022-12-31
94824,USD,1.000000,1.000000,2022-12-31
94825,USD,1.000000,1.000000,2022-12-31
94826,USD,1.000000,1.000000,2022-12-31
94830,USD,1.000000,1.000000,2022-12-31
94835,USD,1.000000,1.000000,2022-12-31
95362,USD,1.000000,1.000000,2022-12-31
95363,USD,1.000000,1.000000,2022-12-31
96061,USD,1.000000,1.000000,2022-12-31
96217,USD,1.000000,1.000000,2022-12-31
96218,USD,1.000000,1.000000,2022-12-31
96220,USD,1.000000,1.000000,2022-12-31
96221,USD,1.000000,1.000000,2022-12-31
96222,USD,1.000000,1.000000,2022-12-31
97231,USD,1.000000,1.000000,2022-12-31
98283,NOK,0.107336,0.101513,2022-12-31
102917,USD,1.000000,1.000000,2022-12-31
102918,USD,1.000000,1.000000,2022-12-31
102919,USD,1.000000,1.000000,2022-12-31
102920,USD,1.000000,1.000000,2022-12-31
104139,USD,1.000000,1.000000,2022-12-31
104140,USD,1.000000,1.000000,2022-12-31
104141,USD,1.000000,1.000000,2022-12-31
104142,USD,1.000000,1.000000,2022-12-31
104143,USD,1.000000,1.000000,2022-12-31
104144,USD,1.000000,1.000000,2022-12-31
104145,USD,1.000000,1.000000,2022-12-31
113691,USD,1.000000,1.000000,2022-12-31
113694,USD,1.000000,1.000000,2022-12-31
49725,USD,1.000000,1.000000,2022-12-31
49726,USD,1.000000,1.000000,2022-12-31
69067,USD,1.000000,1.000000,2022-12-31
69068,USD,1.000000,1.000000,2022-12-31
69072,USD,1.000000,1.000000,2022-12-31
71591,USD,1.000000,1.000000,2022-12-31
71592,USD,1.000000,1.000000,2022-12-31
71594,USD,1.000000,1.000000,2022-12-31
72059,USD,1.000000,1.000000,2022-12-31
72060,USD,1.000000,1.000000,2022-12-31
72061,USD,1.000000,1.000000,2022-12-31
73139,USD,1.000000,1.000000,2022-12-31
73140,USD,1.000000,1.000000,2022-12-31
73141,USD,1.000000,1.000000,2022-12-31
90919,USD,1.000000,1.000000,2022-12-31
90920,USD,1.000000,1.000000,2022-12-31
90921,USD,1.000000,1.000000,2022-12-31
90922,USD,1.000000,1.000000,2022-12-31
90923,USD,1.000000,1.000000,2022-12-31
90949,USD,1.000000,1.000000,2022-12-31
90950,USD,1.000000,1.000000,2022-12-31
90951,USD,1.000000,1.000000,2022-12-31
90957,USD,1.000000,1.000000,2022-12-31
90958,USD,1.000000,1.000000,2022-12-31
90959,USD,1.000000,1.000000,2022-12-31
92670,USD,1.000000,1.000000,2022-12-31
92845,USD,1.000000,1.000000,2022-12-31
92846,USD,1.000000,1.000000,2022-12-31
93335,USD,1.000000,1.000000,2022-12-31
93336,USD,1.000000,1.000000,2022-12-31
93343,USD,1.000000,1.000000,2022-12-31
93474,USD,1.000000,1.000000,2022-12-31
93475,USD,1.000000,1.000000,2022-12-31
93682,NZD,0.649050,0.632450,2022-12-31
93683,NZD,0.649050,0.632450,2022-12-31
93684,NZD,0.649050,0.632450,2022-12-31
93685,NZD,0.649050,0.632450,2022-12-31
93712,USD,1.000000,1.000000,2022-12-31
93713,USD,1.000000,1.000000,2022-12-31
93714,USD,1.000000,1.000000,2022-12-31
93717,USD,1.000000,1.000000,2022-12-31
93718,USD,1.000000,1.000000,2022-12-31
94017,USD,1.000000,1.000000,2022-12-31
94085,USD,1.000000,1.000000,2022-12-31
94098,USD,1.000000,1.000000,2022-12-31
94299,USD,1.000000,1.000000,2022-12-31
94303,USD,1.000000,1.000000,2022-12-31
94305,USD,1.000000,1.000000,2022-12-31
94438,USD,1.000000,1.000000,2022-12-31
94441,USD,1.000000,1.000000,2022-12-31
94444,USD,1.000000,1.000000,2022-12-31
94445,USD,1.000000,1.000000,2022-12-31
94482,USD,1.000000,1.000000,2022-12-31
94949,USD,1.000000,1.000000,2022-12-31
94950,USD,1.000000,1.000000,2022-12-31
95198,USD,1.000000,1.000000,2022-12-31
95203,USD,1.000000,1.000000,2022-12-31
95204,USD,1.000000,1.000000,2022-12-31
95205,USD,1.000000,1.000000,2022-12-31
95432,USD,1.000000,1.000000,2022-12-31
95479,USD,1.000000,1.000000,2022-12-31
95612,USD,1.000000,1.000000,2022-12-31
95929,USD,1.000000,1.000000,2022-12-31
95930,USD,1.000000,1.000000,2022-12-31
95937,USD,1.000000,1.000000,2022-12-31
95938,USD,1.000000,1.000000,2022-12-31
96013,USD,1.000000,1.000000,2022-12-31
96014,USD,1.000000,1.000000,2022-12-31
96400,USD,1.000000,1.000000,2022-12-31
96435,JPY,0.007718,0.007579,2022-12-31
96441,USD,1.000000,1.000000,2022-12-31
96442,USD,1.000000,1.000000,2022-12-31
96443,USD,1.000000,1.000000,2022-12-31
96444,USD,1.000000,1.000000,2022-12-31
96492,USD,1.000000,1.000000,2022-12-31
96497,USD,1.000000,1.000000,2022-12-31
96500,USD,1.000000,1.000000,2022-12-31
96503,USD,1.000000,1.000000,2022-12-31
96504,USD,1.000000,1.000000,2022-12-31
96511,USD,1.000000,1.000000,2022-12-31
96512,USD,1.000000,1.000000,2022-12-31
96517,USD,1.000000,1.000000,2022-12-31
96518,USD,1.000000,1.000000,2022-12-31
96766,USD,1.000000,1.000000,2022-12-31
96767,USD,1.000000,1.000000,2022-12-31
96768,USD,1.000000,1.000000,2022-12-31
96771,USD,1.000000,1.000000,2022-12-31
96789,USD,1.000000,1.000000,2022-12-31
96812,USD,1.000000,1.000000,2022-12-31
96813,USD,1.000000,1.000000,2022-12-31
96834,USD,1.000000,1.000000,2022-12-31
96835,USD,1.000000,1.000000,2022-12-31
96836,USD,1.000000,1.000000,2022-12-31
96881,USD,1.000000,1.000000,2022-12-31
96882,USD,1.000000,1.000000,2022-12-31
96982,USD,1.000000,1.000000,2022-12-31
97267,USD,1.000000,1.000000,2022-12-31
97299,USD,1.000000,1.000000,2022-12-31
97455,ZAR,0.068435,0.058772,2022-12-31
97457,ZAR,0.068435,0.058772,2022-12-31
97458,ZAR,0.068435,0.058772,2022-12-31
97610,USD,1.000000,1.000000,2022-12-31
97611,USD,1.000000,1.000000,2022-12-31
97612,USD,1.000000,1.000000,2022-12-31
97613,USD,1.000000,1.000000,2022-12-31
97781,USD,1.000000,1.000000,2022-12-31
97960,NZD,0.649050,0.632450,2022-12-31
98113,USD,1.000000,1.000000,2022-12-31
98118,USD,1.000000,1.000000,2022-12-31
98123,USD,1.000000,1.000000,2022-12-31
98124,USD,1.000000,1.000000,2022-12-31
98125,USD,1.000000,1.000000,2022-12-31
98126,USD,1.000000,1.000000,2022-12-31
98509,USD,1.000000,1.000000,2022-12-31
98511,USD,1.000000,1.000000,2022-12-31
98512,INR,0.013082,0.012088,2022-12-31
98513,INR,0.013082,0.012088,2022-12-31
98514,INR,0.013082,0.012088,2022-12-31
98517,INR,0.013082,0.012088,2022-12-31
98518,INR,0.013082,0.012088,2022-12-31
98521,INR,0.013082,0.012088,2022-12-31
98522,INR,0.013082,0.012088,2022-12-31
98783,USD,1.000000,1.000000,2022-12-31
98963,USD,1.000000,1.000000,2022-12-31
98964,USD,1.000000,1.000000,2022-12-31
99097,USD,1.000000,1.000000,2022-12-31
99098,USD,1.000000,1.000000,2022-12-31
99202,USD,1.000000,1.000000,2022-12-31
99258,USD,1.000000,1.000000,2022-12-31
99259,USD,1.000000,1.000000,2022-12-31
99303,USD,1.000000,1.000000,2022-12-31
99389,USD,1.000000,1.000000,2022-12-31
99437,USD,1.000000,1.000000,2022-12-31
99438,USD,1.000000,1.000000,2022-12-31
99439,USD,1.000000,1.000000,2022-12-31
99440,USD,1.000000,1.000000,2022-12-31
99442,USD,1.000000,1.000000,2022-12-31
99566,USD,1.000000,1.000000,2022-12-31
99567,USD,1.000000,1.000000,2022-12-31
99571,USD,1.000000,1.000000,2022-12-31
99574,USD,1.000000,1.000000,2022-12-31
99575,USD,1.000000,1.000000,2022-12-31
99576,USD,1.000000,1.000000,2022-12-31
99696,USD,1.000000,1.000000,2022-12-31
99697,USD,1.000000,1.000000,2022-12-31
99799,USD,1.000000,1.000000,2022-12-31
99952,USD,1.000000,1.000000,2022-12-31
99953,USD,1.000000,1.000000,2022-12-31
99954,USD,1.000000,1.000000,2022-12-31
99955,USD,1.000000,1.000000,2022-12-31
101167,USD,1.000000,1.000000,2022-12-31
101169,USD,1.000000,1.000000,2022-12-31
101170,USD,1.000000,1.000000,2022-12-31
101172,USD,1.000000,1.000000,2022-12-31
101173,USD,1.000000,1.000000,2022-12-31
101174,USD,1.000000,1.000000,2022-12-31
104646,USD,1.000000,1.000000,2022-12-31
104647,USD,1.000000,1.000000,2022-12-31
104648,USD,1.000000,1.000000,2022-12-31
105208,USD,1.000000,1.000000,2022-12-31
105209,USD,1.000000,1.000000,2022-12-31
105210,USD,1.000000,1.000000,2022-12-31
105214,USD,1.000000,1.000000,2022-12-31
96349,CLF,35.260931,40.950041,2022-12-31
96350,CLF,35.260931,40.950041,2022-12-31
96351,CLF,35.260931,40.950041,2022-12-31
98362,CLF,37.921881,40.950041,2022-12-31
98363,CLF,37.921881,40.950041,2022-12-31
98364,CLF,37.921881,40.950041,2022-12-31
98365,CLF,37.921881,40.950041,2022-12-31
98881,AUD,0.710650,0.678150,2022-12-31
98882,AUD,0.710650,0.678150,2022-12-31
98883,AUD,0.710650,0.678150,2022-12-31
98884,AUD,0.710650,0.678150,2022-12-31
98885,AUD,0.710650,0.678150,2022-12-31
98886,AUD,0.710650,0.678150,2022-12-31
98982,CLF,37.921881,40.950041,2022-12-31
98983,CLF,37.921881,40.950041,2022-12-31
98984,CLF,37.921881,40.950041,2022-12-31
98985,CLF,37.921881,40.950041,2022-12-31
100703,CLF,39.370079,40.950041,2022-12-31
100704,CLF,39.370079,40.950041,2022-12-31
100705,CLF,39.370079,40.950041,2022-12-31
101051,CLF,37.921881,40.950041,2022-12-31
101052,CLF,37.921881,40.950041,2022-12-31
101053,CLF,37.921881,40.950041,2022-12-31
101054,CLF,37.921881,40.950041,2022-12-31
101055,CLF,37.921881,40.950041,2022-12-31
101111,CLF,35.260931,40.950041,2022-12-31
101112,CLF,35.260931,40.950041,2022-12-31
101113,CLF,35.260931,40.950041,2022-12-31
101114,CLF,35.260931,40.950041,2022-12-31
101115,CLF,35.260931,40.950041,2022-12-31
101116,CLF,35.260931,40.950041,2022-12-31
102448,AUD,0.721902,0.678150,2022-12-31
102449,AUD,0.721902,0.678150,2022-12-31
102450,AUD,0.721902,0.678150,2022-12-31
102451,AUD,0.721902,0.678150,2022-12-31
102452,AUD,0.721902,0.678150,2022-12-31
102453,AUD,0.721902,0.678150,2022-12-31
102454,AUD,0.721902,0.678150,2022-12-31
51007,USD,1.000000,1.000000,2022-12-31
51008,USD,1.000000,1.000000,2022-12-31
51009,USD,1.000000,1.000000,2022-12-31
51060,USD,1.000000,1.000000,2022-12-31
74520,USD,1.000000,1.000000,2022-12-31
74521,USD,1.000000,1.000000,2022-12-31
74522,USD,1.000000,1.000000,2022-12-31
74523,USD,1.000000,1.000000,2022-12-31
74588,USD,1.000000,1.000000,2022-12-31
74589,USD,1.000000,1.000000,2022-12-31
74590,USD,1.000000,1.000000,2022-12-31
74591,USD,1.000000,1.000000,2022-12-31
74693,CLF,36.536354,40.950041,2022-12-31
74694,CLF,36.536354,40.950041,2022-12-31
74695,CLF,36.536354,40.950041,2022-12-31
74696,CLF,36.536354,40.950041,2022-12-31
74697,CLF,36.536354,40.950041,2022-12-31
74699,CLF,36.536354,40.950041,2022-12-31
74700,CLF,36.536354,40.950041,2022-12-31
74701,CLF,36.536354,40.950041,2022-12-31
81408,USD,1.000000,1.000000,2022-12-31
81409,USD,1.000000,1.000000,2022-12-31
81410,USD,1.000000,1.000000,2022-12-31
81411,USD,1.000000,1.000000,2022-12-31
81412,USD,1.000000,1.000000,2022-12-31
81416,USD,1.000000,1.000000,2022-12-31
94943,DKK,0.150999,0.143516,2022-12-31
94944,DKK,0.150999,0.143516,2022-12-31
95211,USD,1.000000,1.000000,2022-12-31
95212,USD,1.000000,1.000000,2022-12-31
95226,USD,1.000000,1.000000,2022-12-31
95227,USD,1.000000,1.000000,2022-12-31
95232,USD,1.000000,1.000000,2022-12-31
95752,USD,1.000000,1.000000,2022-12-31
96022,USD,1.000000,1.000000,2022-12-31
96023,USD,1.000000,1.000000,2022-12-31
96024,USD,1.000000,1.000000,2022-12-31
96025,USD,1.000000,1.000000,2022-12-31
96026,USD,1.000000,1.000000,2022-12-31
96053,USD,1.000000,1.000000,2022-12-31
96054,USD,1.000000,1.000000,2022-12-31
96055,USD,1.000000,1.000000,2022-12-31
96194,USD,1.000000,1.000000,2022-12-31
96195,USD,1.000000,1.000000,2022-12-31
96282,AUD,0.750950,0.678150,2022-12-31
96283,AUD,0.750950,0.678150,2022-12-31
96284,AUD,0.750950,0.678150,2022-12-31
96285,AUD,0.750950,0.678150,2022-12-31
96717,AUD,0.750950,0.678150,2022-12-31
96804,AUD,0.750950,0.678150,2022-12-31
96808,AUD,0.750950,0.678150,2022-12-31
96809,AUD,0.750950,0.678150,2022-12-31
96960,AUD,0.721902,0.678150,2022-12-31
96961,AUD,0.721902,0.678150,2022-12-31
96962,AUD,0.721902,0.678150,2022-12-31
96963,AUD,0.721902,0.678150,2022-12-31
97374,EUR,1.112650,1.067250,2022-12-31
97375,EUR,1.112650,1.067250,2022-12-31
97482,USD,1.000000,1.000000,2022-12-31
97601,GBP,1.316650,1.202900,2022-12-31
97602,GBP,1.316650,1.202900,2022-12-31
97603,GBP,1.316650,1.202900,2022-12-31
97604,GBP,1.316650,1.202900,2022-12-31
97653,USD,1.000000,1.000000,2022-12-31
97904,USD,1.000000,1.000000,2022-12-31
97975,AUD,0.750950,0.678150,2022-12-31
97976,AUD,0.750950,0.678150,2022-12-31
97977,AUD,0.750950,0.678150,2022-12-31
97978,AUD,0.750950,0.678150,2022-12-31
97979,AUD,0.750950,0.678150,2022-12-31
98039,USD,1.000000,1.000000,2022-12-31
98040,USD,1.000000,1.000000,2022-12-31
98041,USD,1.000000,1.000000,2022-12-31
98220,USD,1.000000,1.000000,2022-12-31
98358,USD,1.000000,1.000000,2022-12-31
98499,USD,1.000000,1.000000,2022-12-31
98500,USD,1.000000,1.000000,2022-12-31
98501,USD,1.000000,1.000000,2022-12-31
98502,USD,1.000000,1.000000,2022-12-31
99053,CAD,0.782442,0.738035,2022-12-31
99054,CAD,0.782442,0.738035,2022-12-31
99055,CAD,0.782442,0.738035,2022-12-31
99087,CNY,0.151814,0.143850,2022-12-31
99088,CNY,0.151814,0.143850,2022-12-31
99089,CNY,0.151814,0.143850,2022-12-31
99248,EUR,1.054950,1.067250,2022-12-31
99274,ZAR,0.063226,0.058772,2022-12-31
99275,ZAR,0.063226,0.058772,2022-12-31
99276,ZAR,0.063226,0.058772,2022-12-31
99277,ZAR,0.063226,0.058772,2022-12-31
99278,ZAR,0.063226,0.058772,2022-12-31
99467,EUR,1.054950,1.067250,2022-12-31
99468,EUR,1.054950,1.067250,2022-12-31
99469,EUR,1.054950,1.067250,2022-12-31
99741,DKK,0.141818,0.143516,2022-12-31
99757,GBP,1.255500,1.202900,2022-12-31
99890,USD,1.000000,1.000000,2022-12-31
99891,USD,1.000000,1.000000,2022-12-31
99897,AUD,0.721902,0.678150,2022-12-31
99898,AUD,0.721902,0.678150,2022-12-31
99899,AUD,0.721902,0.678150,2022-12-31
99900,AUD,0.721902,0.678150,2022-12-31
99901,AUD,0.721902,0.678150,2022-12-31
99902,AUD,0.721902,0.678150,2022-12-31
99903,AUD,0.721902,0.678150,2022-12-31
99904,AUD,0.721902,0.678150,2022-12-31
100059,DOP,0.018136,0.017787,2022-12-31
100061,DOP,0.018136,0.017787,2022-12-31
100062,DOP,0.018136,0.017787,2022-12-31
100063,DOP,0.018136,0.017787,2022-12-31
100064,DOP,0.018136,0.017787,2022-12-31
100084,USD,1.000000,1.000000,2022-12-31
100085,USD,1.000000,1.000000,2022-12-31
100086,USD,1.000000,1.000000,2022-12-31
100231,USD,1.000000,1.000000,2022-12-31
100382,USD,1.000000,1.000000,2022-12-31
100383,USD,1.000000,1.000000,2022-12-31
100384,USD,1.000000,1.000000,2022-12-31
100529,AUD,0.717350,0.678150,2022-12-31
100530,AUD,0.717350,0.678150,2022-12-31
100531,AUD,0.717350,0.678150,2022-12-31
100532,AUD,0.717350,0.678150,2022-12-31
100533,AUD,0.717350,0.678150,2022-12-31
100582,USD,1.000000,1.000000,2022-12-31
100583,USD,1.000000,1.000000,2022-12-31
100584,USD,1.000000,1.000000,2022-12-31
100585,USD,1.000000,1.000000,2022-12-31
100586,USD,1.000000,1.000000,2022-12-31
100661,USD,1.000000,1.000000,2022-12-31
100662,USD,1.000000,1.000000,2022-12-31
100663,USD,1.000000,1.000000,2022-12-31
100719,GBP,1.258147,1.202900,2022-12-31
100720,GBP,1.258147,1.202900,2022-12-31
100721,GBP,1.258147,1.202900,2022-12-31
100722,GBP,1.258147,1.202900,2022-12-31
100751,AUD,0.750950,0.678150,2022-12-31
100931,DOP,0.018132,0.017787,2022-12-31
100932,DOP,0.018132,0.017787,2022-12-31
100933,DOP,0.018132,0.017787,2022-12-31
100934,DOP,0.018132,0.017787,2022-12-31
100935,DOP,0.018132,0.017787,2022-12-31
100936,DOP,0.018132,0.017787,2022-12-31
100968,USD,1.000000,1.000000,2022-12-31
101269,USD,1.000000,1.000000,2022-12-31
101277,USD,1.000000,1.000000,2022-12-31
101352,AUD,0.721902,0.678150,2022-12-31
101645,DOP,0.018136,0.017787,2022-12-31
101706,USD,1.000000,1.000000,2022-12-31
101707,USD,1.000000,1.000000,2022-12-31
101708,USD,1.000000,1.000000,2022-12-31
101709,USD,1.000000,1.000000,2022-12-31
101784,USD,1.000000,1.000000,2022-12-31
101785,USD,1.000000,1.000000,2022-12-31
101847,USD,1.000000,1.000000,2022-12-31
101848,USD,1.000000,1.000000,2022-12-31
101849,USD,1.000000,1.000000,2022-12-31
101975,USD,1.000000,1.000000,2022-12-31
102076,AUD,0.721902,0.678150,2022-12-31
102077,AUD,0.721902,0.678150,2022-12-31
102078,AUD,0.721902,0.678150,2022-12-31
102079,AUD,0.721902,0.678150,2022-12-31
102080,AUD,0.721902,0.678150,2022-12-31
102279,AUD,0.721902,0.678150,2022-12-31
102280,AUD,0.721902,0.678150,2022-12-31
102281,AUD,0.721902,0.678150,2022-12-31
102282,AUD,0.721902,0.678150,2022-12-31
102283,AUD,0.721902,0.678150,2022-12-31
102284,AUD,0.721902,0.678150,2022-12-31
102285,AUD,0.721902,0.678150,2022-12-31
102286,AUD,0.721902,0.678150,2022-12-31
102287,AUD,0.721902,0.678150,2022-12-31
102288,AUD,0.721902,0.678150,2022-12-31
102289,AUD,0.721902,0.678150,2022-12-31
102290,AUD,0.721902,0.678150,2022-12-31
102347,EUR,1.070549,1.067250,2022-12-31
102348,EUR,1.070549,1.067250,2022-12-31
102349,EUR,1.070549,1.067250,2022-12-31
102350,EUR,1.070549,1.067250,2022-12-31
102351,EUR,1.070549,1.067250,2022-12-31
102364,EUR,1.070549,1.067250,2022-12-31
102365,EUR,1.070549,1.067250,2022-12-31
102366,EUR,1.070549,1.067250,2022-12-31
102379,AUD,0.721902,0.678150,2022-12-31
102400,USD,1.000000,1.000000,2022-12-31
102424,USD,1.000000,1.000000,2022-12-31
102425,AUD,0.750950,0.678150,2022-12-31
102461,USD,1.000000,1.000000,2022-12-31
102570,AUD,0.687650,0.678150,2022-12-31
102657,AUD,0.721902,0.678150,2022-12-31
102890,AUD,0.721902,0.678150,2022-12-31
104502,USD,1.000000,1.000000,2022-12-31
104503,USD,1.000000,1.000000,2022-12-31
104504,USD,1.000000,1.000000,2022-12-31
104551,GBP,1.260300,1.202900,2022-12-31
104625,GBP,1.260300,1.202900,2022-12-31
104674,USD,1.000000,1.000000,2022-12-31
102383,USD,1.000000,1.000000,2022-12-31
101640,AED,0.272250,0.272283,2022-12-31
101641,AED,0.272250,0.272283,2022-12-31
101642,AED,0.272250,0.272283,2022-12-31
102989,SAR,0.266241,0.266099,2022-12-31
102990,SAR,0.266241,0.266099,2022-12-31
102991,SAR,0.266241,0.266099,2022-12-31
103937,USD,1.000000,1.000000,2022-12-31
73108,NZD,0.610650,0.632450,2022-12-31
73109,NZD,0.610650,0.632450,2022-12-31
73110,NZD,0.610650,0.632450,2022-12-31
73114,NZD,0.610650,0.632450,2022-12-31
73115,NZD,0.610650,0.632450,2022-12-31
73118,NZD,0.610650,0.632450,2022-12-31
73119,NZD,0.610650,0.632450,2022-12-31
73120,NZD,0.610650,0.632450,2022-12-31
73121,NZD,0.610650,0.632450,2022-12-31
100980,AUD,0.685550,0.678150,2022-12-31
100981,AUD,0.685550,0.678150,2022-12-31
100985,AUD,0.685550,0.678150,2022-12-31
101928,CNY,0.151814,0.143850,2022-12-31
102631,CLF,36.536354,40.950041,2022-12-31
102632,CLF,36.536354,40.950041,2022-12-31
102633,CLF,36.536354,40.950041,2022-12-31
102840,CLF,36.536354,40.950041,2022-12-31
104366,CLF,36.536354,40.950041,2022-12-31
104367,CLF,36.536354,40.950041,2022-12-31
104368,CLF,36.536354,40.950041,2022-12-31
104369,CLF,36.536354,40.950041,2022-12-31
104370,CLF,36.536354,40.950041,2022-12-31
104498,USD,1.000000,1.000000,2022-12-31
104663,USD,1.000000,1.000000,2022-12-31
104664,USD,1.000000,1.000000,2022-12-31
104665,USD,1.000000,1.000000,2022-12-31
104666,USD,1.000000,1.000000,2022-12-31
104875,NZD,0.610650,0.632450,2022-12-31
104876,NZD,0.610650,0.632450,2022-12-31
104877,NZD,0.610650,0.632450,2022-12-31
95988,CLF,40.816327,40.950041,2022-12-31
95989,CLF,40.816327,40.950041,2022-12-31
95990,CLF,40.816327,40.950041,2022-12-31
95991,CLF,40.816327,40.950041,2022-12-31
95992,CLF,40.816327,40.950041,2022-12-31
95993,CLF,40.816327,40.950041,2022-12-31
96109,CLF,40.816327,40.950041,2022-12-31
96110,CLF,40.816327,40.950041,2022-12-31
104413,CLF,36.271309,40.950041,2022-12-31
104414,CLF,36.271309,40.950041,2022-12-31
113448,CLF,36.271309,40.950041,2022-12-31
63204,EUR,0.988350,1.067250,2022-12-31
63680,USD,1.000000,1.000000,2022-12-31
63681,USD,1.000000,1.000000,2022-12-31
63682,USD,1.000000,1.000000,2022-12-31
63684,USD,1.000000,1.000000,2022-12-31
63685,USD,1.000000,1.000000,2022-12-31
63686,USD,1.000000,1.000000,2022-12-31
63687,USD,1.000000,1.000000,2022-12-31
63688,USD,1.000000,1.000000,2022-12-31
63749,GBP,1.221852,1.202900,2022-12-31
63752,GBP,1.221852,1.202900,2022-12-31
63753,GBP,1.221852,1.202900,2022-12-31
63872,USD,1.000000,1.000000,2022-12-31
63873,USD,1.000000,1.000000,2022-12-31
63874,USD,1.000000,1.000000,2022-12-31
63875,USD,1.000000,1.000000,2022-12-31
63879,USD,1.000000,1.000000,2022-12-31
63883,USD,1.000000,1.000000,2022-12-31
63894,USD,1.000000,1.000000,2022-12-31
63895,USD,1.000000,1.000000,2022-12-31
63896,USD,1.000000,1.000000,2022-12-31
63897,USD,1.000000,1.000000,2022-12-31
63899,USD,1.000000,1.000000,2022-12-31
64048,USD,1.000000,1.000000,2022-12-31
64052,USD,1.000000,1.000000,2022-12-31
64053,USD,1.000000,1.000000,2022-12-31
64054,USD,1.000000,1.000000,2022-12-31
64055,USD,1.000000,1.000000,2022-12-31
64056,USD,1.000000,1.000000,2022-12-31
64057,USD,1.000000,1.000000,2022-12-31
64058,USD,1.000000,1.000000,2022-12-31
64059,USD,1.000000,1.000000,2022-12-31
89450,USD,1.000000,1.000000,2022-12-31
89672,USD,1.000000,1.000000,2022-12-31
89674,USD,1.000000,1.000000,2022-12-31
89682,USD,1.000000,1.000000,2022-12-31
89692,USD,1.000000,1.000000,2022-12-31
89795,USD,1.000000,1.000000,2022-12-31
89796,USD,1.000000,1.000000,2022-12-31
89797,USD,1.000000,1.000000,2022-12-31
89799,USD,1.000000,1.000000,2022-12-31
90218,USD,1.000000,1.000000,2022-12-31
90219,USD,1.000000,1.000000,2022-12-31
90224,USD,1.000000,1.000000,2022-12-31
90225,USD,1.000000,1.000000,2022-12-31
90515,USD,1.000000,1.000000,2022-12-31
90517,USD,1.000000,1.000000,2022-12-31
90518,USD,1.000000,1.000000,2022-12-31
90528,USD,1.000000,1.000000,2022-12-31
90529,USD,1.000000,1.000000,2022-12-31
90530,USD,1.000000,1.000000,2022-12-31
90531,USD,1.000000,1.000000,2022-12-31
90532,USD,1.000000,1.000000,2022-12-31
97578,CAD,0.800609,0.738035,2022-12-31
97579,CAD,0.800609,0.738035,2022-12-31
97580,CAD,0.800609,0.738035,2022-12-31
97581,CAD,0.800609,0.738035,2022-12-31
97582,CAD,0.800609,0.738035,2022-12-31
97583,CAD,0.800609,0.738035,2022-12-31
102744,USD,1.000000,1.000000,2022-12-31
104891,USD,1.000000,1.000000,2022-12-31
105299,USD,1.000000,1.000000,2022-12-31
105309,USD,1.000000,1.000000,2022-12-31
105310,USD,1.000000,1.000000,2022-12-31
105313,CAD,0.766607,0.738035,2022-12-31
105314,CAD,0.766607,0.738035,2022-12-31
105315,CAD,0.766607,0.738035,2022-12-31
105350,SEK,0.096624,0.095974,2022-12-31
105351,SEK,0.096624,0.095974,2022-12-31
105443,EUR,0.988350,1.067250,2022-12-31
105472,EUR,0.988350,1.067250,2022-12-31
105473,EUR,0.988350,1.067250,2022-12-31
105474,EUR,0.988350,1.067250,2022-12-31
105475,EUR,0.988350,1.067250,2022-12-31
105476,PLN,0.213295,0.227985,2022-12-31
105477,PLN,0.213295,0.227985,2022-12-31
105478,PLN,0.213295,0.227985,2022-12-31
105506,EUR,1.054552,1.067250,2022-12-31
105672,CLF,35.260931,40.950041,2022-12-31
105673,CLF,35.260931,40.950041,2022-12-31
105674,CLF,35.260931,40.950041,2022-12-31
105833,EUR,1.054552,1.067250,2022-12-31
105834,EUR,1.054552,1.067250,2022-12-31
105835,EUR,1.054552,1.067250,2022-12-31
105836,EUR,1.054552,1.067250,2022-12-31
105911,DKK,0.131754,0.143516,2022-12-31
105912,DKK,0.131754,0.143516,2022-12-31
105913,DKK,0.131754,0.143516,2022-12-31
105917,USD,1.000000,1.000000,2022-12-31
106220,CHF,1.068034,1.080847,2022-12-31
106313,USD,1.000000,1.000000,2022-12-31
106314,USD,1.000000,1.000000,2022-12-31
106335,EUR,1.054552,1.067250,2022-12-31
106336,EUR,1.054552,1.067250,2022-12-31
106407,EUR,0.979650,1.067250,2022-12-31
106408,EUR,0.979650,1.067250,2022-12-31
106409,EUR,0.979650,1.067250,2022-12-31
106410,BSD,1.000000,1.000000,2022-12-31
106411,BSD,1.000000,1.000000,2022-12-31
106412,BSD,1.000000,1.000000,2022-12-31
106413,BSD,1.000000,1.000000,2022-12-31
106414,BSD,1.000000,1.000000,2022-12-31
106443,EUR,1.054552,1.067250,2022-12-31
106444,EUR,1.054552,1.067250,2022-12-31
106446,EUR,1.054552,1.067250,2022-12-31
106458,COP,0.000218,0.000206,2022-12-31
106459,COP,0.000218,0.000206,2022-12-31
106461,GBP,1.116300,1.202900,2022-12-31
106462,GBP,1.116300,1.202900,2022-12-31
106463,GBP,1.116300,1.202900,2022-12-31
106464,GBP,1.116300,1.202900,2022-12-31
106484,EUR,0.988350,1.067250,2022-12-31
106528,EUR,0.979650,1.067250,2022-12-31
106529,EUR,0.979650,1.067250,2022-12-31
106530,EUR,0.979650,1.067250,2022-12-31
106531,EUR,0.979650,1.067250,2022-12-31
106532,EUR,0.979650,1.067250,2022-12-31
106533,EUR,0.979650,1.067250,2022-12-31
106619,USD,1.000000,1.000000,2022-12-31
106632,USD,1.000000,1.000000,2022-12-31
106633,USD,1.000000,1.000000,2022-12-31
106634,USD,1.000000,1.000000,2022-12-31
106636,ZAR,0.058772,0.058772,2022-12-31
106672,USD,1.000000,1.000000,2022-12-31
106785,EUR,1.054552,1.067250,2022-12-31
106787,EUR,1.054552,1.067250,2022-12-31
106788,EUR,1.054552,1.067250,2022-12-31
106798,EUR,1.054552,1.067250,2022-12-31
106825,NOK,0.091766,0.101513,2022-12-31
106826,NOK,0.091766,0.101513,2022-12-31
106827,NOK,0.091766,0.101513,2022-12-31
107918,EUR,0.979650,1.067250,2022-12-31
107919,EUR,0.979650,1.067250,2022-12-31
107920,EUR,0.979650,1.067250,2022-12-31
107926,ZAR,0.055641,0.058772,2022-12-31
107927,ZAR,0.055641,0.058772,2022-12-31
107928,ZAR,0.055641,0.058772,2022-12-31
107929,ZAR,0.055641,0.058772,2022-12-31
108056,USD,1.000000,1.000000,2022-12-31
108057,USD,1.000000,1.000000,2022-12-31
108058,USD,1.000000,1.000000,2022-12-31
108145,EUR,1.054552,1.067250,2022-12-31
108191,EUR,0.979650,1.067250,2022-12-31
108208,USD,1.000000,1.000000,2022-12-31
108209,USD,1.000000,1.000000,2022-12-31
108210,USD,1.000000,1.000000,2022-12-31
108231,EUR,1.054552,1.067250,2022-12-31
108237,EUR,1.054552,1.067250,2022-12-31
108284,CAD,0.727776,0.738035,2022-12-31
108285,CAD,0.727776,0.738035,2022-12-31
108287,CAD,0.727776,0.738035,2022-12-31
108288,CAD,0.727776,0.738035,2022-12-31
108289,CAD,0.727776,0.738035,2022-12-31
108290,CAD,0.727776,0.738035,2022-12-31
108291,CAD,0.727776,0.738035,2022-12-31
108292,CAD,0.727776,0.738035,2022-12-31
108320,CAD,0.737626,0.738035,2022-12-31
108321,CAD,0.737626,0.738035,2022-12-31
108324,EUR,0.979650,1.067250,2022-12-31
108426,USD,1.000000,1.000000,2022-12-31
108429,USD,1.000000,1.000000,2022-12-31
108430,USD,1.000000,1.000000,2022-12-31
108555,USD,1.000000,1.000000,2022-12-31
108556,USD,1.000000,1.000000,2022-12-31
108565,BSD,1.000000,1.000000,2022-12-31
108566,BSD,1.000000,1.000000,2022-12-31
108567,BSD,1.000000,1.000000,2022-12-31
108573,BSD,1.000000,1.000000,2022-12-31
108612,USD,1.000000,1.000000,2022-12-31
108616,USD,1.000000,1.000000,2022-12-31
108770,USD,1.000000,1.000000,2022-12-31
108771,USD,1.000000,1.000000,2022-12-31
108838,CHF,1.016002,1.080847,2022-12-31
108899,EUR,1.054552,1.067250,2022-12-31
108900,EUR,1.054552,1.067250,2022-12-31
108901,EUR,1.054552,1.067250,2022-12-31
108902,EUR,1.054552,1.067250,2022-12-31
108908,EUR,1.054552,1.067250,2022-12-31
108909,EUR,1.054552,1.067250,2022-12-31
108910,EUR,1.054552,1.067250,2022-12-31
108911,EUR,1.054552,1.067250,2022-12-31
108921,EUR,1.054552,1.067250,2022-12-31
108946,USD,1.000000,1.000000,2022-12-31
108994,EUR,0.979650,1.067250,2022-12-31
108995,EUR,0.979650,1.067250,2022-12-31
108996,EUR,0.979650,1.067250,2022-12-31
109018,CAD,0.727776,0.738035,2022-12-31
109019,CAD,0.727776,0.738035,2022-12-31
109020,CAD,0.727776,0.738035,2022-12-31
109021,CAD,0.727776,0.738035,2022-12-31
109272,USD,1.000000,1.000000,2022-12-31
109291,SEK,0.090110,0.095974,2022-12-31
109292,SEK,0.090110,0.095974,2022-12-31
109293,SEK,0.090110,0.095974,2022-12-31
109294,SEK,0.090110,0.095974,2022-12-31
109456,EUR,0.988350,1.067250,2022-12-31
109457,EUR,0.988350,1.067250,2022-12-31
109458,EUR,0.988350,1.067250,2022-12-31
109471,EUR,0.988350,1.067250,2022-12-31
109473,CAD,0.766607,0.738035,2022-12-31
109474,CAD,0.766607,0.738035,2022-12-31
109596,EUR,1.054552,1.067250,2022-12-31
109599,EUR,1.054552,1.067250,2022-12-31
109652,USD,1.000000,1.000000,2022-12-31
109766,CHF,0.999251,1.080847,2022-12-31
109767,CHF,0.999251,1.080847,2022-12-31
109802,USD,1.000000,1.000000,2022-12-31
109806,DKK,0.141778,0.143516,2022-12-31
109807,DKK,0.141778,0.143516,2022-12-31
109823,USD,1.000000,1.000000,2022-12-31
110019,CAD,0.733111,0.738035,2022-12-31
110020,CAD,0.733111,0.738035,2022-12-31
110021,CAD,0.733111,0.738035,2022-12-31
110022,CAD,0.733111,0.738035,2022-12-31
110023,CAD,0.733111,0.738035,2022-12-31
110024,CAD,0.733111,0.738035,2022-12-31
110025,CAD,0.733111,0.738035,2022-12-31
110027,CAD,0.733111,0.738035,2022-12-31
110028,CAD,0.733111,0.738035,2022-12-31
110048,EUR,1.029650,1.067250,2022-12-31
110050,EUR,1.029650,1.067250,2022-12-31
110051,EUR,1.029650,1.067250,2022-12-31
110198,EUR,0.988350,1.067250,2022-12-31
110199,EUR,0.988350,1.067250,2022-12-31
110200,EUR,0.988350,1.067250,2022-12-31
110201,EUR,0.988350,1.067250,2022-12-31
110257,EUR,0.988350,1.067250,2022-12-31
110258,EUR,0.988350,1.067250,2022-12-31
110259,EUR,0.988350,1.067250,2022-12-31
110409,EUR,1.054552,1.067250,2022-12-31
110525,EUR,1.067250,1.067250,2022-12-31
110527,EUR,1.067250,1.067250,2022-12-31
110552,USD,1.000000,1.000000,2022-12-31
110553,USD,1.000000,1.000000,2022-12-31
110554,USD,1.000000,1.000000,2022-12-31
110844,USD,1.000000,1.000000,2022-12-31
110847,USD,1.000000,1.000000,2022-12-31
110973,EUR,1.054552,1.067250,2022-12-31
111049,USD,1.000000,1.000000,2022-12-31
111050,USD,1.000000,1.000000,2022-12-31
111051,USD,1.000000,1.000000,2022-12-31
111052,USD,1.000000,1.000000,2022-12-31
111055,USD,1.000000,1.000000,2022-12-31
111056,USD,1.000000,1.000000,2022-12-31
111057,USD,1.000000,1.000000,2022-12-31
111058,USD,1.000000,1.000000,2022-12-31
111112,EUR,0.988350,1.067250,2022-12-31
111113,EUR,0.988350,1.067250,2022-12-31
111160,USD,1.000000,1.000000,2022-12-31
111161,USD,1.000000,1.000000,2022-12-31
111264,USD,1.000000,1.000000,2022-12-31
111285,CAD,0.733111,0.738035,2022-12-31
111286,CAD,0.733111,0.738035,2022-12-31
111303,TWD,0.032536,0.032536,2022-12-31
111304,TWD,0.032536,0.032536,2022-12-31
111305,TWD,0.032536,0.032536,2022-12-31
111306,TWD,0.032536,0.032536,2022-12-31
111381,USD,1.000000,1.000000,2022-12-31
111479,EUR,1.067250,1.067250,2022-12-31
111480,EUR,1.067250,1.067250,2022-12-31
111481,EUR,1.067250,1.067250,2022-12-31
111541,USD,1.000000,1.000000,2022-12-31
111629,EUR,1.054552,1.067250,2022-12-31
111651,USD,1.000000,1.000000,2022-12-31
111655,USD,1.000000,1.000000,2022-12-31
111672,CHF,1.068034,1.080847,2022-12-31
111674,CHF,1.068034,1.080847,2022-12-31
111675,CHF,1.068034,1.080847,2022-12-31
111763,USD,1.000000,1.000000,2022-12-31
111772,EUR,1.067250,1.067250,2022-12-31
111773,EUR,1.067250,1.067250,2022-12-31
111774,EUR,1.067250,1.067250,2022-12-31
111775,EUR,1.067250,1.067250,2022-12-31
111776,EUR,1.067250,1.067250,2022-12-31
111869,EUR,0.988350,1.067250,2022-12-31
111967,CAD,0.727776,0.738035,2022-12-31
112012,USD,1.000000,1.000000,2022-12-31
112013,USD,1.000000,1.000000,2022-12-31
112043,USD,1.000000,1.000000,2022-12-31
112178,EUR,0.988350,1.067250,2022-12-31
112453,DKK,0.132757,0.143516,2022-12-31
112489,USD,1.000000,1.000000,2022-12-31
112497,CHF,1.016002,1.080847,2022-12-31
112512,USD,1.000000,1.000000,2022-12-31
112638,EUR,0.988350,1.067250,2022-12-31
112642,EUR,0.988350,1.067250,2022-12-31
112643,EUR,0.988350,1.067250,2022-12-31
112644,EUR,0.988350,1.067250,2022-12-31
112688,EUR,0.988350,1.067250,2022-12-31
112690,EUR,0.988350,1.067250,2022-12-31
112749,GBP,1.151350,1.202900,2022-12-31
113209,ANG,0.558659,0.558659,2022-12-31
113210,ANG,0.558659,0.558659,2022-12-31
113211,ANG,0.558659,0.558659,2022-12-31
113212,ANG,0.558659,0.558659,2022-12-31
113213,ANG,0.558659,0.558659,2022-12-31
113474,EUR,0.988350,1.067250,2022-12-31
113490,EUR,1.054552,1.067250,2022-12-31
113757,USD,1.000000,1.000000,2022-12-31
113844,EUR,1.067250,1.067250,2022-12-31
113889,CAD,0.737626,0.738035,2022-12-31
113890,CAD,0.737626,0.738035,2022-12-31
113891,CAD,0.737626,0.738035,2022-12-31
113954,GBP,1.151350,1.202900,2022-12-31
114238,USD,1.000000,1.000000,2022-12-31
114298,GBP,1.221852,1.202900,2022-12-31
114327,USD,1.000000,1.000000,2022-12-31
114409,USD,1.000000,1.000000,2022-12-31
114428,USD,1.000000,1.000000,2022-12-31
114479,EUR,1.054552,1.067250,2022-12-31
114501,USD,1.000000,1.000000,2022-12-31
114581,EUR,1.054552,1.067250,2022-12-31
114811,GBP,1.151350,1.202900,2022-12-31
114812,GBP,1.151350,1.202900,2022-12-31
114813,GBP,1.151350,1.202900,2022-12-31
114914,USD,1.000000,1.000000,2022-12-31
114915,USD,1.000000,1.000000,2022-12-31
114916,USD,1.000000,1.000000,2022-12-31
114917,USD,1.000000,1.000000,2022-12-31
115003,USD,1.000000,1.000000,2022-12-31
115021,CAD,0.737626,0.738035,2022-12-31
115024,USD,1.000000,1.000000,2022-12-31
115031,EUR,0.988350,1.067250,2022-12-31
115035,USD,1.000000,1.000000,2022-12-31
115036,USD,1.000000,1.000000,2022-12-31
115047,USD,1.000000,1.000000,2022-12-31
115139,USD,1.000000,1.000000,2022-12-31
115153,CNY,0.143398,0.143850,2022-12-31
115154,CNY,0.143398,0.143850,2022-12-31
115155,CNY,0.143398,0.143850,2022-12-31
115159,CNY,0.143398,0.143850,2022-12-31
115160,CNY,0.143398,0.143850,2022-12-31
115167,USD,1.000000,1.000000,2022-12-31
115207,USD,1.000000,1.000000,2022-12-31
115270,DKK,0.141778,0.143516,2022-12-31
115271,DKK,0.141778,0.143516,2022-12-31
115336,USD,1.000000,1.000000,2022-12-31
115337,USD,1.000000,1.000000,2022-12-31
115349,USD,1.000000,1.000000,2022-12-31
115487,USD,1.000000,1.000000,2022-12-31
115563,CHF,1.068034,1.080847,2022-12-31
115564,CHF,1.068034,1.080847,2022-12-31
115565,CHF,1.068034,1.080847,2022-12-31
115566,CHF,1.068034,1.080847,2022-12-31
115583,USD,1.000000,1.000000,2022-12-31
115584,USD,1.000000,1.000000,2022-12-31
115585,USD,1.000000,1.000000,2022-12-31
115586,USD,1.000000,1.000000,2022-12-31
115621,EUR,1.054552,1.067250,2022-12-31
115622,EUR,1.054552,1.067250,2022-12-31
115623,EUR,1.054552,1.067250,2022-12-31
115657,EUR,1.054552,1.067250,2022-12-31
115658,EUR,1.054552,1.067250,2022-12-31
115659,EUR,1.054552,1.067250,2022-12-31
115661,EUR,1.054552,1.067250,2022-12-31
115721,EUR,1.054552,1.067250,2022-12-31
115722,EUR,1.054552,1.067250,2022-12-31
115735,USD,1.000000,1.000000,2022-12-31
115791,USD,1.000000,1.000000,2022-12-31
115848,EUR,0.988350,1.067250,2022-12-31
115849,EUR,0.988350,1.067250,2022-12-31
115874,USD,1.000000,1.000000,2022-12-31
115894,SEK,0.090110,0.095974,2022-12-31
115906,USD,1.000000,1.000000,2022-12-31
115958,EUR,1.054552,1.067250,2022-12-31
115961,EUR,1.054552,1.067250,2022-12-31
115995,USD,1.000000,1.000000,2022-12-31
115996,USD,1.000000,1.000000,2022-12-31
116043,USD,1.000000,1.000000,2022-12-31
116044,USD,1.000000,1.000000,2022-12-31
116063,EUR,1.054552,1.067250,2022-12-31
116067,USD,1.000000,1.000000,2022-12-31
116073,USD,1.000000,1.000000,2022-12-31
116161,EUR,1.054552,1.067250,2022-12-31
116192,EUR,1.067250,1.067250,2022-12-31
116208,USD,1.000000,1.000000,2022-12-31
116352,USD,1.000000,1.000000,2022-12-31
116353,USD,1.000000,1.000000,2022-12-31
116354,USD,1.000000,1.000000,2022-12-31
116478,USD,1.000000,1.000000,2022-12-31
116541,EUR,1.054552,1.067250,2022-12-31
116542,EUR,1.054552,1.067250,2022-12-31
116568,USD,1.000000,1.000000,2022-12-31
116578,USD,1.000000,1.000000,2022-12-31
116580,USD,1.000000,1.000000,2022-12-31
116581,USD,1.000000,1.000000,2022-12-31
116582,USD,1.000000,1.000000,2022-12-31
116820,DKK,0.141778,0.143516,2022-12-31
116821,DKK,0.141778,0.143516,2022-12-31
116865,USD,1.000000,1.000000,2022-12-31
116907,USD,1.000000,1.000000,2022-12-31
116915,USD,1.000000,1.000000,2022-12-31
116922,EUR,0.988350,1.067250,2022-12-31
116923,EUR,0.988350,1.067250,2022-12-31
116924,EUR,0.988350,1.067250,2022-12-31
116925,EUR,0.988350,1.067250,2022-12-31
117010,USD,1.000000,1.000000,2022-12-31
117015,GBP,1.221852,1.202900,2022-12-31
117016,GBP,1.221852,1.202900,2022-12-31
117017,GBP,1.221852,1.202900,2022-12-31
117018,GBP,1.221852,1.202900,2022-12-31
117034,USD,1.000000,1.000000,2022-12-31
117076,USD,1.000000,1.000000,2022-12-31
117754,EUR,1.054552,1.067250,2022-12-31
117816,JMD,0.006592,0.006592,2022-12-31
117817,JMD,0.006592,0.006592,2022-12-31
117818,JMD,0.006592,0.006592,2022-12-31
117841,USD,1.000000,1.000000,2022-12-31
117933,BSD,1.000000,1.000000,2022-12-31
117934,BSD,1.000000,1.000000,2022-12-31
117935,BSD,1.000000,1.000000,2022-12-31
117936,BSD,1.000000,1.000000,2022-12-31
118206,CAD,0.733111,0.738035,2022-12-31
118256,JMD,0.006592,0.006592,2022-12-31
118257,JMD,0.006592,0.006592,2022-12-31
118258,JMD,0.006592,0.006592,2022-12-31
86929,USD,1.000000,1.000000,2022-12-31
91064,USD,1.000000,1.000000,2022-12-31
91065,USD,1.000000,1.000000,2022-12-31
90287,USD,1.000000,1.000000,2022-12-31
90288,USD,1.000000,1.000000,2022-12-31
90289,USD,1.000000,1.000000,2022-12-31
90290,USD,1.000000,1.000000,2022-12-31
91910,USD,1.000000,1.000000,2022-12-31
92836,CAD,0.806744,0.738035,2022-12-31
92854,CAD,0.806744,0.738035,2022-12-31
90311,USD,1.000000,1.000000,2022-12-31
93322,USD,1.000000,1.000000,2022-12-31
46420,JPY,0.009050,0.007579,2022-12-31
46421,JPY,0.009050,0.007579,2022-12-31
46422,JPY,0.009050,0.007579,2022-12-31
46423,JPY,0.009050,0.007579,2022-12-31
47969,JPY,0.009050,0.007579,2022-12-31
47970,JPY,0.009050,0.007579,2022-12-31
47971,JPY,0.009050,0.007579,2022-12-31
47972,JPY,0.009050,0.007579,2022-12-31
47973,JPY,0.009050,0.007579,2022-12-31
47974,JPY,0.009050,0.007579,2022-12-31
47976,JPY,0.009050,0.007579,2022-12-31
47977,JPY,0.009050,0.007579,2022-12-31
47978,JPY,0.009050,0.007579,2022-12-31
47981,JPY,0.009050,0.007579,2022-12-31
69481,JPY,0.009050,0.007579,2022-12-31
69482,JPY,0.009050,0.007579,2022-12-31
69483,JPY,0.009050,0.007579,2022-12-31
69484,JPY,0.009050,0.007579,2022-12-31
69499,JPY,0.009050,0.007579,2022-12-31
69500,JPY,0.009050,0.007579,2022-12-31
69501,JPY,0.009050,0.007579,2022-12-31
69502,JPY,0.009050,0.007579,2022-12-31
69503,JPY,0.009050,0.007579,2022-12-31
90419,JPY,0.008684,0.007579,2022-12-31
90420,JPY,0.008684,0.007579,2022-12-31
90421,JPY,0.008684,0.007579,2022-12-31
90437,USD,1.000000,1.000000,2022-12-31
90438,USD,1.000000,1.000000,2022-12-31
90441,USD,1.000000,1.000000,2022-12-31
90731,JPY,0.008684,0.007579,2022-12-31
90732,JPY,0.008684,0.007579,2022-12-31
90739,JPY,0.008684,0.007579,2022-12-31
90740,JPY,0.008684,0.007579,2022-12-31
90998,USD,1.000000,1.000000,2022-12-31
91090,USD,1.000000,1.000000,2022-12-31
91091,USD,1.000000,1.000000,2022-12-31
91092,USD,1.000000,1.000000,2022-12-31
91093,USD,1.000000,1.000000,2022-12-31
91142,JPY,0.009050,0.007579,2022-12-31
91143,JPY,0.009050,0.007579,2022-12-31
91144,JPY,0.009050,0.007579,2022-12-31
91145,JPY,0.009050,0.007579,2022-12-31
91147,USD,1.000000,1.000000,2022-12-31
91149,USD,1.000000,1.000000,2022-12-31
91150,USD,1.000000,1.000000,2022-12-31
91151,USD,1.000000,1.000000,2022-12-31
91152,USD,1.000000,1.000000,2022-12-31
91208,JPY,0.008679,0.007579,2022-12-31
91209,JPY,0.008679,0.007579,2022-12-31
91254,NZD,0.656750,0.632450,2022-12-31
91255,NZD,0.656750,0.632450,2022-12-31
91256,NZD,0.656750,0.632450,2022-12-31
91257,NZD,0.656750,0.632450,2022-12-31
91259,NZD,0.656750,0.632450,2022-12-31
91260,NZD,0.656750,0.632450,2022-12-31
91263,NZD,0.656750,0.632450,2022-12-31
91264,NZD,0.656750,0.632450,2022-12-31
91507,JPY,0.008679,0.007579,2022-12-31
91508,JPY,0.008679,0.007579,2022-12-31
91509,JPY,0.008679,0.007579,2022-12-31
91524,JPY,0.008679,0.007579,2022-12-31
91525,JPY,0.008679,0.007579,2022-12-31
91528,JPY,0.008679,0.007579,2022-12-31
91529,JPY,0.008679,0.007579,2022-12-31
91801,JPY,0.008682,0.007579,2022-12-31
91802,JPY,0.008682,0.007579,2022-12-31
91805,JPY,0.008682,0.007579,2022-12-31
91806,JPY,0.008679,0.007579,2022-12-31
91807,JPY,0.008679,0.007579,2022-12-31
91808,JPY,0.008679,0.007579,2022-12-31
92408,JPY,0.009050,0.007579,2022-12-31
92409,JPY,0.009050,0.007579,2022-12-31
92410,JPY,0.009050,0.007579,2022-12-31
92411,JPY,0.009050,0.007579,2022-12-31
92436,USD,1.000000,1.000000,2022-12-31
92437,USD,1.000000,1.000000,2022-12-31
92438,USD,1.000000,1.000000,2022-12-31
92500,USD,1.000000,1.000000,2022-12-31
92501,USD,1.000000,1.000000,2022-12-31
92502,USD,1.000000,1.000000,2022-12-31
92503,USD,1.000000,1.000000,2022-12-31
92615,USD,1.000000,1.000000,2022-12-31
92630,USD,1.000000,1.000000,2022-12-31
92746,USD,1.000000,1.000000,2022-12-31
93311,JPY,0.009050,0.007579,2022-12-31
93316,JPY,0.009050,0.007579,2022-12-31
93317,JPY,0.009050,0.007579,2022-12-31
93318,JPY,0.009050,0.007579,2022-12-31
94272,USD,1.000000,1.000000,2022-12-31
94456,JPY,0.008682,0.007579,2022-12-31
94729,USD,1.000000,1.000000,2022-12-31
94787,USD,1.000000,1.000000,2022-12-31
94788,USD,1.000000,1.000000,2022-12-31
94789,USD,1.000000,1.000000,2022-12-31
94883,USD,1.000000,1.000000,2022-12-31
94884,USD,1.000000,1.000000,2022-12-31
95297,USD,1.000000,1.000000,2022-12-31
95560,USD,1.000000,1.000000,2022-12-31
95703,USD,1.000000,1.000000,2022-12-31
96365,USD,1.000000,1.000000,2022-12-31
96366,USD,1.000000,1.000000,2022-12-31
96367,USD,1.000000,1.000000,2022-12-31
48646,USD,1.000000,1.000000,2022-12-31
48647,USD,1.000000,1.000000,2022-12-31
71061,USD,1.000000,1.000000,2022-12-31
71062,USD,1.000000,1.000000,2022-12-31
90227,USD,1.000000,1.000000,2022-12-31
90229,USD,1.000000,1.000000,2022-12-31
90231,USD,1.000000,1.000000,2022-12-31
90232,USD,1.000000,1.000000,2022-12-31
92509,USD,1.000000,1.000000,2022-12-31
92510,USD,1.000000,1.000000,2022-12-31
92511,USD,1.000000,1.000000,2022-12-31
93002,USD,1.000000,1.000000,2022-12-31
93003,USD,1.000000,1.000000,2022-12-31
93004,USD,1.000000,1.000000,2022-12-31
93998,USD,1.000000,1.000000,2022-12-31
94190,CAD,0.788426,0.738035,2022-12-31
94191,CAD,0.788426,0.738035,2022-12-31
94192,CAD,0.788426,0.738035,2022-12-31
94194,CAD,0.788426,0.738035,2022-12-31
94195,CAD,0.788426,0.738035,2022-12-31
94367,USD,1.000000,1.000000,2022-12-31
94368,USD,1.000000,1.000000,2022-12-31
94369,USD,1.000000,1.000000,2022-12-31
94370,USD,1.000000,1.000000,2022-12-31
94764,USD,1.000000,1.000000,2022-12-31
94898,USD,1.000000,1.000000,2022-12-31
94899,USD,1.000000,1.000000,2022-12-31
95176,USD,1.000000,1.000000,2022-12-31
95177,USD,1.000000,1.000000,2022-12-31
95815,USD,1.000000,1.000000,2022-12-31
95816,USD,1.000000,1.000000,2022-12-31
95817,USD,1.000000,1.000000,2022-12-31
95852,USD,1.000000,1.000000,2022-12-31
95915,USD,1.000000,1.000000,2022-12-31
95916,USD,1.000000,1.000000,2022-12-31
96876,USD,1.000000,1.000000,2022-12-31
97070,USD,1.000000,1.000000,2022-12-31
97230,USD,1.000000,1.000000,2022-12-31
97305,USD,1.000000,1.000000,2022-12-31
97306,USD,1.000000,1.000000,2022-12-31
97500,USD,1.000000,1.000000,2022-12-31
97501,USD,1.000000,1.000000,2022-12-31
97502,USD,1.000000,1.000000,2022-12-31
97503,USD,1.000000,1.000000,2022-12-31
97504,USD,1.000000,1.000000,2022-12-31
97505,USD,1.000000,1.000000,2022-12-31
49556,USD,1.000000,1.000000,2022-12-31
49557,USD,1.000000,1.000000,2022-12-31
49571,USD,1.000000,1.000000,2022-12-31
49572,USD,1.000000,1.000000,2022-12-31
66256,USD,1.000000,1.000000,2022-12-31
75069,USD,1.000000,1.000000,2022-12-31
75070,USD,1.000000,1.000000,2022-12-31
75074,USD,1.000000,1.000000,2022-12-31
76323,USD,1.000000,1.000000,2022-12-31
76324,USD,1.000000,1.000000,2022-12-31
76366,USD,1.000000,1.000000,2022-12-31
76369,USD,1.000000,1.000000,2022-12-31
76370,USD,1.000000,1.000000,2022-12-31
76391,USD,1.000000,1.000000,2022-12-31
76392,USD,1.000000,1.000000,2022-12-31
76393,USD,1.000000,1.000000,2022-12-31
76394,USD,1.000000,1.000000,2022-12-31
93187,USD,1.000000,1.000000,2022-12-31
93188,USD,1.000000,1.000000,2022-12-31
93404,USD,1.000000,1.000000,2022-12-31
93437,USD,1.000000,1.000000,2022-12-31
93438,USD,1.000000,1.000000,2022-12-31
93670,NZD,0.676750,0.632450,2022-12-31
93671,NZD,0.676750,0.632450,2022-12-31
93672,NZD,0.676750,0.632450,2022-12-31
93673,NZD,0.676750,0.632450,2022-12-31
93804,USD,1.000000,1.000000,2022-12-31
93805,USD,1.000000,1.000000,2022-12-31
93812,USD,1.000000,1.000000,2022-12-31
93813,USD,1.000000,1.000000,2022-12-31
93814,USD,1.000000,1.000000,2022-12-31
93818,USD,1.000000,1.000000,2022-12-31
94040,USD,1.000000,1.000000,2022-12-31
94424,USD,1.000000,1.000000,2022-12-31
94425,USD,1.000000,1.000000,2022-12-31
94426,USD,1.000000,1.000000,2022-12-31
94427,USD,1.000000,1.000000,2022-12-31
94633,USD,1.000000,1.000000,2022-12-31
94634,USD,1.000000,1.000000,2022-12-31
94635,USD,1.000000,1.000000,2022-12-31
94765,USD,1.000000,1.000000,2022-12-31
94802,USD,1.000000,1.000000,2022-12-31
94804,USD,1.000000,1.000000,2022-12-31
94805,USD,1.000000,1.000000,2022-12-31
94906,USD,1.000000,1.000000,2022-12-31
94907,USD,1.000000,1.000000,2022-12-31
95534,USD,1.000000,1.000000,2022-12-31
95642,USD,1.000000,1.000000,2022-12-31
95643,USD,1.000000,1.000000,2022-12-31
95644,USD,1.000000,1.000000,2022-12-31
95646,USD,1.000000,1.000000,2022-12-31
95656,USD,1.000000,1.000000,2022-12-31
95840,USD,1.000000,1.000000,2022-12-31
95882,USD,1.000000,1.000000,2022-12-31
95883,USD,1.000000,1.000000,2022-12-31
95884,USD,1.000000,1.000000,2022-12-31
96592,USD,1.000000,1.000000,2022-12-31
96597,USD,1.000000,1.000000,2022-12-31
96649,USD,1.000000,1.000000,2022-12-31
96650,USD,1.000000,1.000000,2022-12-31
96651,USD,1.000000,1.000000,2022-12-31
96658,USD,1.000000,1.000000,2022-12-31
96674,USD,1.000000,1.000000,2022-12-31
96675,USD,1.000000,1.000000,2022-12-31
96676,USD,1.000000,1.000000,2022-12-31
96677,USD,1.000000,1.000000,2022-12-31
96684,USD,1.000000,1.000000,2022-12-31
96686,USD,1.000000,1.000000,2022-12-31
96716,JPY,0.008239,0.007579,2022-12-31
96744,USD,1.000000,1.000000,2022-12-31
96752,USD,1.000000,1.000000,2022-12-31
96754,USD,1.000000,1.000000,2022-12-31
96879,USD,1.000000,1.000000,2022-12-31
96880,USD,1.000000,1.000000,2022-12-31
96942,USD,1.000000,1.000000,2022-12-31
96943,USD,1.000000,1.000000,2022-12-31
97096,USD,1.000000,1.000000,2022-12-31
97116,USD,1.000000,1.000000,2022-12-31
97118,USD,1.000000,1.000000,2022-12-31
97143,USD,1.000000,1.000000,2022-12-31
97144,USD,1.000000,1.000000,2022-12-31
97146,USD,1.000000,1.000000,2022-12-31
97147,USD,1.000000,1.000000,2022-12-31
97535,USD,1.000000,1.000000,2022-12-31
98045,NZD,0.676750,0.632450,2022-12-31
98132,USD,1.000000,1.000000,2022-12-31
98133,USD,1.000000,1.000000,2022-12-31
98315,USD,1.000000,1.000000,2022-12-31
98607,JPY,0.007718,0.007579,2022-12-31
98608,JPY,0.007718,0.007579,2022-12-31
98806,USD,1.000000,1.000000,2022-12-31
98829,USD,1.000000,1.000000,2022-12-31
98830,USD,1.000000,1.000000,2022-12-31
98993,USD,1.000000,1.000000,2022-12-31
98994,USD,1.000000,1.000000,2022-12-31
99169,USD,1.000000,1.000000,2022-12-31
99170,USD,1.000000,1.000000,2022-12-31
99171,USD,1.000000,1.000000,2022-12-31
99256,USD,1.000000,1.000000,2022-12-31
99315,USD,1.000000,1.000000,2022-12-31
99316,USD,1.000000,1.000000,2022-12-31
99413,USD,1.000000,1.000000,2022-12-31
99414,USD,1.000000,1.000000,2022-12-31
99415,USD,1.000000,1.000000,2022-12-31
99416,USD,1.000000,1.000000,2022-12-31
99553,USD,1.000000,1.000000,2022-12-31
99554,USD,1.000000,1.000000,2022-12-31
99557,USD,1.000000,1.000000,2022-12-31
99746,USD,1.000000,1.000000,2022-12-31
99747,USD,1.000000,1.000000,2022-12-31
99855,USD,1.000000,1.000000,2022-12-31
99856,USD,1.000000,1.000000,2022-12-31
100608,USD,1.000000,1.000000,2022-12-31
102398,USD,1.000000,1.000000,2022-12-31
102390,USD,1.000000,1.000000,2022-12-31
102391,USD,1.000000,1.000000,2022-12-31
102392,USD,1.000000,1.000000,2022-12-31
49706,USD,1.000000,1.000000,2022-12-31
49707,USD,1.000000,1.000000,2022-12-31
49708,USD,1.000000,1.000000,2022-12-31
49709,USD,1.000000,1.000000,2022-12-31
49711,USD,1.000000,1.000000,2022-12-31
50805,USD,1.000000,1.000000,2022-12-31
50806,USD,1.000000,1.000000,2022-12-31
50807,USD,1.000000,1.000000,2022-12-31
76407,USD,1.000000,1.000000,2022-12-31
76408,USD,1.000000,1.000000,2022-12-31
76409,USD,1.000000,1.000000,2022-12-31
76419,USD,1.000000,1.000000,2022-12-31
76420,USD,1.000000,1.000000,2022-12-31
76421,USD,1.000000,1.000000,2022-12-31
76422,USD,1.000000,1.000000,2022-12-31
76426,USD,1.000000,1.000000,2022-12-31
76427,USD,1.000000,1.000000,2022-12-31
76435,USD,1.000000,1.000000,2022-12-31
76436,USD,1.000000,1.000000,2022-12-31
76437,USD,1.000000,1.000000,2022-12-31
76439,USD,1.000000,1.000000,2022-12-31
91795,USD,1.000000,1.000000,2022-12-31
94748,USD,1.000000,1.000000,2022-12-31
94749,USD,1.000000,1.000000,2022-12-31
94750,USD,1.000000,1.000000,2022-12-31
95186,USD,1.000000,1.000000,2022-12-31
96133,USD,1.000000,1.000000,2022-12-31
96134,USD,1.000000,1.000000,2022-12-31
96136,USD,1.000000,1.000000,2022-12-31
96138,USD,1.000000,1.000000,2022-12-31
96139,USD,1.000000,1.000000,2022-12-31
96207,AUD,0.750950,0.678150,2022-12-31
96208,AUD,0.750950,0.678150,2022-12-31
96209,AUD,0.750950,0.678150,2022-12-31
96210,AUD,0.750950,0.678150,2022-12-31
96602,USD,1.000000,1.000000,2022-12-31
96604,USD,1.000000,1.000000,2022-12-31
96721,USD,1.000000,1.000000,2022-12-31
96722,USD,1.000000,1.000000,2022-12-31
96725,AUD,0.750950,0.678150,2022-12-31
96726,AUD,0.750950,0.678150,2022-12-31
96730,AUD,0.750950,0.678150,2022-12-31
96863,USD,1.000000,1.000000,2022-12-31
96864,USD,1.000000,1.000000,2022-12-31
96865,USD,1.000000,1.000000,2022-12-31
96866,USD,1.000000,1.000000,2022-12-31
96966,AUD,0.750950,0.678150,2022-12-31
96967,AUD,0.750950,0.678150,2022-12-31
96968,AUD,0.750950,0.678150,2022-12-31
96970,AUD,0.750950,0.678150,2022-12-31
98523,USD,1.000000,1.000000,2022-12-31
98524,USD,1.000000,1.000000,2022-12-31
98525,USD,1.000000,1.000000,2022-12-31
98526,USD,1.000000,1.000000,2022-12-31
98596,USD,1.000000,1.000000,2022-12-31
98706,USD,1.000000,1.000000,2022-12-31
98707,USD,1.000000,1.000000,2022-12-31
98708,USD,1.000000,1.000000,2022-12-31
98751,USD,1.000000,1.000000,2022-12-31
98878,USD,1.000000,1.000000,2022-12-31
99175,USD,1.000000,1.000000,2022-12-31
99176,USD,1.000000,1.000000,2022-12-31
99190,USD,1.000000,1.000000,2022-12-31
99643,USD,1.000000,1.000000,2022-12-31
99710,GBP,1.255500,1.202900,2022-12-31
99711,GBP,1.255500,1.202900,2022-12-31
99766,GBP,1.255500,1.202900,2022-12-31
99767,GBP,1.255500,1.202900,2022-12-31
99777,GBP,1.255500,1.202900,2022-12-31
99778,GBP,1.255500,1.202900,2022-12-31
99779,GBP,1.255500,1.202900,2022-12-31
99780,GBP,1.255500,1.202900,2022-12-31
99823,AUD,0.710650,0.678150,2022-12-31
99824,AUD,0.710650,0.678150,2022-12-31
99825,AUD,0.710650,0.678150,2022-12-31
99826,AUD,0.710650,0.678150,2022-12-31
99827,AUD,0.710650,0.678150,2022-12-31
99828,AUD,0.710650,0.678150,2022-12-31
99829,AUD,0.710650,0.678150,2022-12-31
99980,AUD,0.710650,0.678150,2022-12-31
99981,AUD,0.710650,0.678150,2022-12-31
99983,AUD,0.710650,0.678150,2022-12-31
99989,AUD,0.710650,0.678150,2022-12-31
99990,AUD,0.710650,0.678150,2022-12-31
99991,AUD,0.710650,0.678150,2022-12-31
100396,USD,1.000000,1.000000,2022-12-31
100397,USD,1.000000,1.000000,2022-12-31
100479,EUR,1.071250,1.067250,2022-12-31
100619,USD,1.000000,1.000000,2022-12-31
100771,AUD,0.687650,0.678150,2022-12-31
100772,AUD,0.687650,0.678150,2022-12-31
100773,AUD,0.687650,0.678150,2022-12-31
100774,AUD,0.687650,0.678150,2022-12-31
100775,AUD,0.687650,0.678150,2022-12-31
100786,USD,1.000000,1.000000,2022-12-31
100788,AUD,0.687650,0.678150,2022-12-31
100789,AUD,0.687650,0.678150,2022-12-31
100790,AUD,0.687650,0.678150,2022-12-31
100791,AUD,0.687650,0.678150,2022-12-31
100792,AUD,0.687650,0.678150,2022-12-31
100798,GBP,1.258147,1.202900,2022-12-31
100849,GBP,1.258147,1.202900,2022-12-31
100850,GBP,1.258147,1.202900,2022-12-31
100851,GBP,1.258147,1.202900,2022-12-31
100852,GBP,1.258147,1.202900,2022-12-31
100871,AUD,0.750950,0.678150,2022-12-31
100973,USD,1.000000,1.000000,2022-12-31
101219,USD,1.000000,1.000000,2022-12-31
101263,USD,1.000000,1.000000,2022-12-31
101264,USD,1.000000,1.000000,2022-12-31
101322,USD,1.000000,1.000000,2022-12-31
101344,USD,1.000000,1.000000,2022-12-31
101345,USD,1.000000,1.000000,2022-12-31
101368,EUR,1.071250,1.067250,2022-12-31
101402,USD,1.000000,1.000000,2022-12-31
102415,USD,1.000000,1.000000,2022-12-31
102445,USD,1.000000,1.000000,2022-12-31
102456,EUR,1.071250,1.067250,2022-12-31
104816,USD,1.000000,1.000000,2022-12-31
101215,USD,1.000000,1.000000,2022-12-31
101216,USD,1.000000,1.000000,2022-12-31
54098,NZD,0.661000,0.632450,2022-12-31
54099,NZD,0.661000,0.632450,2022-12-31
54100,NZD,0.661000,0.632450,2022-12-31
54103,NZD,0.661000,0.632450,2022-12-31
54104,NZD,0.661000,0.632450,2022-12-31
54107,NZD,0.661000,0.632450,2022-12-31
54108,NZD,0.661000,0.632450,2022-12-31
54109,NZD,0.661000,0.632450,2022-12-31
54110,NZD,0.661000,0.632450,2022-12-31
104506,USD,1.000000,1.000000,2022-12-31
105201,NZD,0.661000,0.632450,2022-12-31
105202,NZD,0.661000,0.632450,2022-12-31
105203,NZD,0.661000,0.632450,2022-12-31
63028,USD,1.000000,1.000000,2022-12-31
63029,USD,1.000000,1.000000,2022-12-31
63030,USD,1.000000,1.000000,2022-12-31
63031,USD,1.000000,1.000000,2022-12-31
63032,USD,1.000000,1.000000,2022-12-31
63033,USD,1.000000,1.000000,2022-12-31
63034,USD,1.000000,1.000000,2022-12-31
90560,USD,1.000000,1.000000,2022-12-31
90561,USD,1.000000,1.000000,2022-12-31
90566,USD,1.000000,1.000000,2022-12-31
90567,USD,1.000000,1.000000,2022-12-31
90570,USD,1.000000,1.000000,2022-12-31
90571,USD,1.000000,1.000000,2022-12-31
90574,USD,1.000000,1.000000,2022-12-31
90575,USD,1.000000,1.000000,2022-12-31
102687,USD,1.000000,1.000000,2022-12-31
102688,USD,1.000000,1.000000,2022-12-31
102689,USD,1.000000,1.000000,2022-12-31
102693,USD,1.000000,1.000000,2022-12-31
102694,USD,1.000000,1.000000,2022-12-31
104150,USD,1.000000,1.000000,2022-12-31
104151,USD,1.000000,1.000000,2022-12-31
104976,USD,1.000000,1.000000,2022-12-31
104977,USD,1.000000,1.000000,2022-12-31
105667,USD,1.000000,1.000000,2022-12-31
105668,USD,1.000000,1.000000,2022-12-31
106047,USD,1.000000,1.000000,2022-12-31
106048,USD,1.000000,1.000000,2022-12-31
106049,USD,1.000000,1.000000,2022-12-31
106890,USD,1.000000,1.000000,2022-12-31
106891,USD,1.000000,1.000000,2022-12-31
106895,USD,1.000000,1.000000,2022-12-31
106982,USD,1.000000,1.000000,2022-12-31
106983,USD,1.000000,1.000000,2022-12-31
106984,USD,1.000000,1.000000,2022-12-31
106985,USD,1.000000,1.000000,2022-12-31
106991,USD,1.000000,1.000000,2022-12-31
106992,USD,1.000000,1.000000,2022-12-31
106993,USD,1.000000,1.000000,2022-12-31
107004,USD,1.000000,1.000000,2022-12-31
107006,USD,1.000000,1.000000,2022-12-31
107012,USD,1.000000,1.000000,2022-12-31
107019,USD,1.000000,1.000000,2022-12-31
107020,USD,1.000000,1.000000,2022-12-31
107075,USD,1.000000,1.000000,2022-12-31
107088,CAD,0.727776,0.738035,2022-12-31
107089,GBP,1.116300,1.202900,2022-12-31
107090,GBP,1.116300,1.202900,2022-12-31
107091,GBP,1.116300,1.202900,2022-12-31
107092,GBP,1.116300,1.202900,2022-12-31
107095,USD,1.000000,1.000000,2022-12-31
107096,USD,1.000000,1.000000,2022-12-31
107097,USD,1.000000,1.000000,2022-12-31
107121,GBP,1.190900,1.202900,2022-12-31
107122,GBP,1.190900,1.202900,2022-12-31
107123,GBP,1.190900,1.202900,2022-12-31
107124,GBP,1.190900,1.202900,2022-12-31
107129,USD,1.000000,1.000000,2022-12-31
107130,USD,1.000000,1.000000,2022-12-31
107153,EUR,0.979650,1.067250,2022-12-31
107159,EUR,0.979650,1.067250,2022-12-31
107203,NOK,0.091766,0.101513,2022-12-31
107204,NOK,0.091766,0.101513,2022-12-31
107222,USD,1.000000,1.000000,2022-12-31
107223,USD,1.000000,1.000000,2022-12-31
107225,USD,1.000000,1.000000,2022-12-31
107226,USD,1.000000,1.000000,2022-12-31
107233,USD,1.000000,1.000000,2022-12-31
107265,DKK,0.131754,0.143516,2022-12-31
107266,DKK,0.131754,0.143516,2022-12-31
107267,DKK,0.131754,0.143516,2022-12-31
107270,SEK,0.090110,0.095974,2022-12-31
107271,SEK,0.090110,0.095974,2022-12-31
107272,SEK,0.090110,0.095974,2022-12-31
107291,USD,1.000000,1.000000,2022-12-31
107306,GBP,1.116300,1.202900,2022-12-31
107307,GBP,1.116300,1.202900,2022-12-31
107308,GBP,1.116300,1.202900,2022-12-31
107309,GBP,1.116300,1.202900,2022-12-31
107312,USD,1.000000,1.000000,2022-12-31
107314,USD,1.000000,1.000000,2022-12-31
107319,USD,1.000000,1.000000,2022-12-31
107321,USD,1.000000,1.000000,2022-12-31
107331,USD,1.000000,1.000000,2022-12-31
107332,USD,1.000000,1.000000,2022-12-31
107333,USD,1.000000,1.000000,2022-12-31
107354,PLN,0.202470,0.227985,2022-12-31
107355,PLN,0.202470,0.227985,2022-12-31
107356,PLN,0.202470,0.227985,2022-12-31
107359,USD,1.000000,1.000000,2022-12-31
107360,USD,1.000000,1.000000,2022-12-31
107361,USD,1.000000,1.000000,2022-12-31
107374,USD,1.000000,1.000000,2022-12-31
107397,USD,1.000000,1.000000,2022-12-31
107415,CAD,0.727776,0.738035,2022-12-31
107416,CAD,0.727776,0.738035,2022-12-31
107417,CAD,0.727776,0.738035,2022-12-31
107418,CAD,0.727776,0.738035,2022-12-31
107420,CAD,0.727776,0.738035,2022-12-31
107421,CAD,0.727776,0.738035,2022-12-31
107429,USD,1.000000,1.000000,2022-12-31
107430,USD,1.000000,1.000000,2022-12-31
107431,USD,1.000000,1.000000,2022-12-31
107444,USD,1.000000,1.000000,2022-12-31
107445,USD,1.000000,1.000000,2022-12-31
107447,USD,1.000000,1.000000,2022-12-31
107450,DKK,0.131754,0.143516,2022-12-31
107465,CAD,0.727776,0.738035,2022-12-31
107466,CAD,0.727776,0.738035,2022-12-31
107467,CAD,0.727776,0.738035,2022-12-31
107468,CAD,0.727776,0.738035,2022-12-31
107469,CAD,0.727776,0.738035,2022-12-31
107471,USD,1.000000,1.000000,2022-12-31
107472,USD,1.000000,1.000000,2022-12-31
108175,USD,1.000000,1.000000,2022-12-31
108176,USD,1.000000,1.000000,2022-12-31
108177,USD,1.000000,1.000000,2022-12-31
108366,USD,1.000000,1.000000,2022-12-31
108370,USD,1.000000,1.000000,2022-12-31
108371,USD,1.000000,1.000000,2022-12-31
108594,USD,1.000000,1.000000,2022-12-31
109177,USD,1.000000,1.000000,2022-12-31
109347,USD,1.000000,1.000000,2022-12-31
109444,USD,1.000000,1.000000,2022-12-31
109445,USD,1.000000,1.000000,2022-12-31
110270,USD,1.000000,1.000000,2022-12-31
110875,USD,1.000000,1.000000,2022-12-31
110876,USD,1.000000,1.000000,2022-12-31
110877,USD,1.000000,1.000000,2022-12-31
113618,USD,1.000000,1.000000,2022-12-31
114454,USD,1.000000,1.000000,2022-12-31
114455,USD,1.000000,1.000000,2022-12-31
115014,USD,1.000000,1.000000,2022-12-31
115015,USD,1.000000,1.000000,2022-12-31
115017,USD,1.000000,1.000000,2022-12-31
115419,USD,1.000000,1.000000,2022-12-31
115716,USD,1.000000,1.000000,2022-12-31
115717,USD,1.000000,1.000000,2022-12-31
115834,USD,1.000000,1.000000,2022-12-31
115835,USD,1.000000,1.000000,2022-12-31
115836,USD,1.000000,1.000000,2022-12-31
116021,USD,1.000000,1.000000,2022-12-31
116022,USD,1.000000,1.000000,2022-12-31
116131,USD,1.000000,1.000000,2022-12-31
116174,CAD,0.727776,0.738035,2022-12-31
116175,CAD,0.727776,0.738035,2022-12-31
116176,CAD,0.727776,0.738035,2022-12-31
116177,CAD,0.727776,0.738035,2022-12-31
116437,USD,1.000000,1.000000,2022-12-31
116438,USD,1.000000,1.000000,2022-12-31
116445,USD,1.000000,1.000000,2022-12-31
116446,USD,1.000000,1.000000,2022-12-31
116757,DKK,0.141778,0.143516,2022-12-31
116759,DKK,0.141778,0.143516,2022-12-31
116760,DKK,0.141778,0.143516,2022-12-31
116761,DKK,0.141778,0.143516,2022-12-31
116814,USD,1.000000,1.000000,2022-12-31
116815,USD,1.000000,1.000000,2022-12-31
116887,USD,1.000000,1.000000,2022-12-31
116936,DKK,0.131754,0.143516,2022-12-31
116937,DKK,0.131754,0.143516,2022-12-31
116984,USD,1.000000,1.000000,2022-12-31
117457,USD,1.000000,1.000000,2022-12-31
117656,USD,1.000000,1.000000,2022-12-31
117657,USD,1.000000,1.000000,2022-12-31
118041,USD,1.000000,1.000000,2022-12-31
90064,USD,1.000000,1.000000,2022-12-31
90091,USD,1.000000,1.000000,2022-12-31
90431,USD,1.000000,1.000000,2022-12-31
90432,USD,1.000000,1.000000,2022-12-31
90433,USD,1.000000,1.000000,2022-12-31
90434,USD,1.000000,1.000000,2022-12-31
90435,USD,1.000000,1.000000,2022-12-31
91930,USD,1.000000,1.000000,2022-12-31
93574,USD,1.000000,1.000000,2022-12-31
