EVENTYEAR,TOPUPZONE,LAYERID,CURRENCY,LIMITFACTOR,PREMIUMFACTOR,SHARE,PROJ_GROSSLOSS,PROJ_GROSSRP
1,Australia / New Zealand,96209,AUD,1,1.5,0.025,35000000,0
1,Australia / New Zealand,96210,AUD,1,1.5,0.025,5000000,0
1,Australia / New Zealand,96282,AUD,1,1.5,0.06,5000000,0
1,Australia / New Zealand,96283,AUD,1,1.5,0.06,35000000,0
1,Australia / New Zealand,96284,AUD,1,1.5,0.03,75000000,0
1,Australia / New Zealand,96730,AUD,1,1.5,0.01,7500000,0
1,Australia / New Zealand,96804,AUD,1,1.5,0.02,7500000,0
1,Australia / New Zealand,97979,AUD,1,1.5,0.1,3381315.881,0
1,Australia / New Zealand,98881,AUD,1,1.5,0.005,263049954,0
1,Australia / New Zealand,99827,AUD,1,1.5,0.01,86096196.83,0
1,Australia / New Zealand,99829,AUD,1,1.5,0.01,34634681.18,0
1,Australia / New Zealand,99899,AUD,1,1.5,0.09,86096196.83,0
1,Australia / New Zealand,99904,AUD,1,1.5,0.09,34634681.18,0
1,Australia / New Zealand,99990,AUD,1,1.5,0.01,3381315.881,0
1,Australia / New Zealand,100529,AUD,1,1.5,0.05,16474218.5,0
1,Australia / New Zealand,100775,AUD,1,1.5,0.0125,16474218.5,0
1,Australia / New Zealand,100980,AUD,1,1.5,0.15,20000000,8400000
1,Australia / New Zealand,100981,AUD,1,1.5,0.25,85438662.29,45736004.06
1,Australia / New Zealand,101352,AUD,1,1.5,0.25,19137644.87,0
1,Australia / New Zealand,102078,AUD,1,1.5,0.01,75000000,0
1,Australia / New Zealand,102079,AUD,1,1.5,0.01,35000000,0
1,Australia / New Zealand,102080,AUD,1,1.5,0.01,5000000,0
1,Australia / New Zealand,102281,AUD,1,1.5,0.01,33214835.46,0
1,Australia / New Zealand,102282,AUD,1,1.5,0.01,60000000,0
1,Australia / New Zealand,102283,AUD,1,1.5,0.01,20000000,0
1,Australia / New Zealand,102284,AUD,1,1.5,0.01,7500000,0
1,Australia / New Zealand,102290,AUD,1,1.5,0.01,16474218.5,0
1,Australia / New Zealand,102425,AUD,1,1.5,0.06,3381315.881,0
1,Australia / New Zealand,102453,AUD,1,1.5,0.005,263049954,0
1,Australia / New Zealand,102454,AUD,1,1.5,0.005,253644595.3,0
1,Chile,74693,CLF,2.21,2.873,0.047075,456267,107392.46
1,Chile,74694,CLF,2.21,2.873,0.0219,56320.28167,6167.068723
1,Chile,74699,CLF,2.21,2.873,0.03,56320.28167,5068.82535
1,Chile,95989,CLF,2.21,2.873,0.05553,200000,0
1,Chile,95990,CLF,2.21,2.873,0.03387,223840.3917,0
1,Chile,96110,CLF,2.21,2.873,0.15,188840.3917,18128.6776
1,Chile,96349,CLF,2.21,2.873,0.1,155259.2186,13119.38285
1,Chile,96350,CLF,2.21,2.873,0.1,562654,94807
1,Chile,96351,CLF,2.21,2.873,0.02,211835.5509,67787.37627
1,Chile,98364,CLF,2.21,2.873,0.1,247687.2186,24768.72186
1,Chile,98365,CLF,2.21,2.873,0.1,620226,124045.2
1,Chile,98985,CLF,2.21,2.873,0.05,1070792.371,111362.4066
1,Chile,100704,CLF,2.21,2.873,0.05,805792.3711,83399.51041
1,Chile,100705,CLF,2.21,2.873,0.05,670811.6786,149993.4913
1,Chile,101054,CLF,2.21,2.873,0.02858661,247687.2186,0
1,Chile,101055,CLF,2.21,2.873,0.055976018,620226,0
1,Chile,101114,CLF,2.21,2.873,0.03852,155259.2186,0
1,Chile,101115,CLF,2.21,2.873,0.076275,562654,0
1,Chile,101116,CLF,2.21,2.873,0.143865,200000,0
1,Chile,102632,CLF,2.21,2.873,0.075,581683.1623,122153.4641
1,Chile,102633,CLF,2.21,2.873,0.075,134179.1468,42500
1,Chile,104369,CLF,2.21,2.873,0.06448125,468635.1623,0
1,Chile,104370,CLF,2.21,2.873,0.12079875,113048,0
1,Chile,104666,USD,2.21,2.873,0.05,3788998.789,663074.7881
1,Chile,105672,CLF,1,1,0.375,176000,76230
1,Chile,105673,CLF,1,1,0.275,124542.8137,14197.88076
1,Continental Europe,106528,EUR,1,1,0.05,28621417.08,11859593.93
1,Continental Europe,106530,EUR,1,1,0.05,2582460.919,767625.6262
1,Continental Europe,106531,EUR,1,1,0.05,3000000,1275624.29
1,Continental Europe,108145,EUR,1,1,0.04,76633091.96,12261294.71
1,Continental Europe,108908,EUR,1,1,0.1,3249514.302,1686497.923
1,Continental Europe,110199,EUR,1,1,0.04,15000000,5100000
1,Continental Europe,110200,EUR,1,1,0.02,20000000,4600000
1,Continental Europe,110201,EUR,1,1,0.02,5583828.764,641861.1164
1,Continental Europe,112690,EUR,1,1,0.05,30000000,8895000
1,Continental Europe,113474,EUR,1,1,0.05,32247121.01,2605567.378
1,Europe Wide,105350,SEK,1,1,0.024,250000000,100000000
1,Latin America Exc Chile,105917,USD,1,1,0.03,68668334.27,2829204.349
1,Nordic Europe,105351,SEK,1,1,0.024,49049776.65,4904977.665
1,Other Asia Pacific,99089,CNY,1.2,1.68,0.01,192370938.3,25008221.97
1,Other Asia Pacific,111303,TWD,1,1,0.04,196141766,55522830.42
1,Other Asia Pacific,115153,CNY,1,1,0.02,200000000,17438410
1,Other Asia Pacific,115583,USD,1,1,0.2,2000000,1000000
1,Other Asia Pacific,115585,USD,1,1,0.2,1338922.233,353475.4695
1,USA Atlantic,90529,USD,1,1,0.015,23956581.2,1892569.914
1,USA Atlantic,90530,USD,1,1,0.015,69565610.88,16500000
1,USA Atlantic,90531,USD,1,1,0.015,140000000,21420000
1,USA Atlantic,90532,USD,1,1,0.015,60000000,11025000
1,USA Atlantic,104977,USD,1,1,0.0025,23956581.2,3114355.555
1,USA Atlantic,116580,USD,1,1,0.1,23956581.2,4072618.803
1,USA Atlantic,116581,USD,1,1,0.1,140000000,40600000
1,USA Atlantic,116582,USD,1,1,0.1,69565610.88,27600000
1,USA Gulf,64052,USD,1,1,0.1,52046186.23,24000000
1,USA Gulf,64053,USD,1,1,0.048,52046186.23,0
1,USA Gulf,72059,USD,3.5,5.25,0.005,51230958.4,3406858.733
1,USA Gulf,76369,USD,3.5,5.25,0.005,51230958.4,3406858.733
1,USA Gulf,94907,USD,3.5,5.25,0.005,51230958.4,4111284.411
1,USA Gulf,94950,USD,3.5,5.25,0.005,51230958.4,4111284.411
1,USA Gulf,97070,USD,3.5,5.25,0.005,1114346.41,323160.459
1,USA Gulf,104647,USD,3.5,5.25,0.01,51230958.4,3759071.572
1,USA Gulf,117841,USD,1,1,0.2,60000000,0
1,USA Gulf,118041,USD,1,1,0.05,60000000,0
1,USA Midwest,63894,USD,1,1,0.1,11049508.47,3093862.37
1,USA Midwest,105668,USD,1,1,0.0125,29411115.24,5294000.743
1,USA Midwest,107223,USD,1,1,0.0125,13689966.51,0
1,USA Midwest,116352,USD,1,1,0.075,29411115.24,5294000.743
1,USA Midwest,116353,USD,1,1,0.1,50000000,20000000
1,USA Midwest,116354,USD,1,1,0.1,30000000,16500000
1,USA Midwest,116814,USD,1,1,0.0125,50000000,20000000
1,USA Midwest,116815,USD,1,1,0.0125,30000000,16500000
1,USA Nationwide,90515,USD,1,1,0.025,10751925.45,2634221.734
1,USA Nationwide,90921,USD,1,1.5,0.015,158979260.5,42129504.03
1,USA Nationwide,90949,USD,1,1.5,0.0215,158979260.5,34736968.42
1,USA Nationwide,91090,USD,1,1.5,0.02,12249655.86,6737310.725
1,USA Nationwide,92692,USD,1,1.5,0.045,938852.2571,206547.4966
1,USA Nationwide,94181,USD,1,1.5,0.1,12249655.86,6737310.725
1,USA Nationwide,95176,USD,1,1.5,0.05,3929143.654,825120.1673
1,USA Nationwide,95177,USD,1,1.5,0.05,3014440.432,1350000
1,USA Nationwide,97482,USD,1,1.5,0.01,700000000,126000000
1,USA Nationwide,99098,USD,1,1.5,0.08,3739639.922,0
1,USA Nationwide,102744,USD,1,1,0.035,145603743.7,69889796.97
1,USA Nationwide,104504,USD,1,1.5,0.1,1397243.399,384241.9347
1,USA Nationwide,106672,USD,1,1,0.025,200000000,35500000
1,USA Nationwide,106984,USD,1,1,0.0125,48617509.64,10695852.12
1,USA Nationwide,106985,USD,1,1,0.01,50000000,12500000
1,USA Nationwide,107359,USD,1,1,0.04,75000000,0
1,USA Nationwide,107374,USD,1,1,0.005,200000000,18000000
1,USA Nationwide,108056,USD,1,1,0.15,50000000,12500000
1,USA Nationwide,108057,USD,1,1,0.15,48617509.64,10695852.12
1,USA Nationwide,116067,USD,1,1,0.1,75000000,0
1,USA Nationwide,116437,USD,1,1,0.0075,251030389.3,40000000
1,USA Nationwide,116438,USD,1,1,0.0075,100000000,0
1,USA Nationwide,117457,USD,1,1,0.005,121516108.7,20050157.93
1,USA WestCoast,91064,USD,2,3,0.05,17140460.75,1285534.556
1,USA WestCoast,91065,USD,2,3,0.1,20000000,1325000
1,USA WestCoast,98706,USD,2,3,0.025,50000000,2700000
1,USA WestCoast,98707,USD,2,3,0.025,41128297.54,2237500
1,USA WestCoast,99553,USD,2,3,0.025,6125049.066,459378.68
1,USA WestCoast,99554,USD,2,3,0.025,15000000,1950000
1,USA WestCoast,104498,USD,2,3,0.0425,750000000,0
1,USA WestCoast,104506,USD,2,3,0.0075,750000000,0
1,USA WestCoast,107075,USD,1,1,0.005,1138095676,0
1,USA WestCoast,107444,USD,1,1,0.01,18000000,3240000
1,USA WestCoast,107445,USD,1,1,0.01,180000000,15300000
1,USA WestCoast,107447,USD,1,1,0.0075,139932342,8745771.377
1,USA WestCoast,109802,USD,1,1,0.015,1138095676,0
1,USA WestCoast,115874,USD,1,1,0.05,500000000,0
1,USA WestCoast,116131,USD,1,1,0.015,500000000,0
1,USA WestCoast,116984,USD,1,1,0.015,187073290.8,15000000
1,Worldwide/Worldwide Ex US,63753,GBP,1,1,0.06,44750068.26,8950013.652
1,Worldwide/Worldwide Ex US,100383,USD,1,1.5,0.15,11639372.09,3333000
1,Worldwide/Worldwide Ex US,100384,USD,1,1.5,0.15,3018576.937,558436.7334
1,Worldwide/Worldwide Ex US,111381,USD,1,1,0.045,24591695.2,8607093.319
1,Worldwide/Worldwide Ex US,112043,USD,1,1,0.333333333,192108562.1,68475000
1,Worldwide/Worldwide Ex US,112178,EUR,1,1,0.2,1093479.681,615082.3206
1,Worldwide/Worldwide Ex US,113844,EUR,1,1,0.19,30000000,9000000
1,Worldwide/Worldwide Ex US,114428,USD,1,1,0.05,51785114.1,0
1,Worldwide/Worldwide Ex US,117015,GBP,1,1,0.005,44750068.26,8950013.652
2,Australia / New Zealand,96210,AUD,1,1.5,0.025,3026267.778,0
2,Australia / New Zealand,96282,AUD,1,1.5,0.06,5000000,0
2,Australia / New Zealand,96283,AUD,1,1.5,0.06,631521.3331,0
2,Australia / New Zealand,96730,AUD,1,1.5,0.01,7500000,0
2,Australia / New Zealand,96804,AUD,1,1.5,0.02,7500000,0
2,Australia / New Zealand,99827,AUD,1,1.5,0.01,69788657.25,0
2,Australia / New Zealand,99829,AUD,1,1.5,0.01,33205810.8,0
2,Australia / New Zealand,99899,AUD,1,1.5,0.09,69788657.25,0
2,Australia / New Zealand,99904,AUD,1,1.5,0.09,33205810.8,0
2,Australia / New Zealand,100789,AUD,1,1.5,0.02,2500000,0
2,Australia / New Zealand,100790,AUD,1,1.5,0.02,15000000,0
2,Australia / New Zealand,100791,AUD,1,1.5,0.02,30000000,0
2,Australia / New Zealand,100792,AUD,1,1.5,0.01,20378477.63,0
2,Australia / New Zealand,100980,AUD,1,1.5,0.15,4001785.591,1680749.948
2,Australia / New Zealand,100981,AUD,1,1.5,0.25,12636050.95,6444385.987
2,Australia / New Zealand,102079,AUD,1,1.5,0.01,631521.3331,0
2,Australia / New Zealand,102080,AUD,1,1.5,0.01,5000000,0
2,Australia / New Zealand,102281,AUD,1,1.5,0.01,83835369.9,0
2,Australia / New Zealand,102282,AUD,1,1.5,0.01,60000000,0
2,Australia / New Zealand,102283,AUD,1,1.5,0.01,20000000,0
2,Australia / New Zealand,102284,AUD,1,1.5,0.01,7500000,0
2,Australia / New Zealand,102379,AUD,1,1.5,0.09,16234088.99,0
2,Australia / New Zealand,102454,AUD,1,1.5,0.005,358682203.2,0
2,Canada,97578,CAD,1,1,0.04,1847011.757,240111.5285
2,Caribbean Ex Puerto Rico,91150,USD,3.434,4.8076,0.01,31339555.1,4544235.489
2,Caribbean Ex Puerto Rico,91151,USD,3.434,4.8076,0.01,25000000,7312500
2,Caribbean Ex Puerto Rico,91282,USD,3.434,4.8076,0.035,25000000,10000000
2,Caribbean Ex Puerto Rico,91283,USD,3.434,4.8076,0.035,31339555.1,6267911.019
2,Caribbean Ex Puerto Rico,94764,USD,3.434,4.8076,0.005,3500000,339500
2,Caribbean Ex Puerto Rico,94899,USD,3.434,4.8076,0.02,2283168.124,114158.4062
2,Caribbean Ex Puerto Rico,96441,USD,3.434,4.8076,0.05,13771655.21,826299.3124
2,Caribbean Ex Puerto Rico,96442,USD,3.434,4.8076,0.0375,13000000,6175000
2,Caribbean Ex Puerto Rico,96443,USD,3.434,4.8076,0.0375,49000000,12495000
2,Caribbean Ex Puerto Rico,96444,USD,3.434,4.8076,0.0375,82000000,9225000
2,Caribbean Ex Puerto Rico,97501,USD,3.434,4.8076,0.02,34000000,7820000
2,Caribbean Ex Puerto Rico,97503,USD,3.434,4.8076,0.01,15116482.99,1662813.128
2,Caribbean Ex Puerto Rico,97610,USD,3.434,4.8076,0.05,10079128.96,2696166.997
2,Caribbean Ex Puerto Rico,97611,USD,3.434,4.8076,0.05,5000000,2200000
2,Caribbean Ex Puerto Rico,99887,CAD,3.434,4.8076,1,23778.99601,0
2,Caribbean Ex Puerto Rico,99954,USD,3.434,4.8076,0.01,5000000,2200000
2,Caribbean Ex Puerto Rico,99955,USD,3.434,4.8076,0.01,10079128.96,2696166.997
2,Caribbean Ex Puerto Rico,100061,DOP,3.434,4.8076,0.03,291924382.2,43759464.89
2,Caribbean Ex Puerto Rico,114914,USD,1,1,0.02,30000000,5100000
2,Caribbean Ex Puerto Rico,114915,USD,1,1,0.02,10000000,3500000
2,Caribbean Ex Puerto Rico,114917,USD,1,1,0.02,271291.258,16277.47548
2,Caribbean Ex Puerto Rico,115017,USD,1,1,0.02,56982.02601,23647.54079
2,Chile,105672,CLF,1,1,0.375,7972.134129,3069.271639
2,Continental Europe,63204,EUR,1,1,0.015,200000000,0
2,Continental Europe,99248,EUR,3.886,4.8575,0.01,120853182,16919445.48
2,Continental Europe,106446,EUR,1,1,0.01,300000000,66000000
2,Continental Europe,106528,EUR,1,1,0.05,17797841.77,7374728.36
2,Continental Europe,106531,EUR,1,1,0.05,3650207.178,1552097.647
2,Continental Europe,107153,EUR,1,1,0.005,100000000,4670000
2,Continental Europe,108145,EUR,1,1,0.04,250000000,40000000
2,Continental Europe,108237,EUR,1,1,0.02,100000000,4666666.667
2,Continental Europe,110050,EUR,1,1,0.05,100000000,6500000
2,Continental Europe,110051,EUR,1,1,0.075,66628886.07,2665155.443
2,Continental Europe,110198,EUR,1,1,0.02,50000000,3500000
2,Continental Europe,110199,EUR,1,1,0.04,23238726.53,7901167.021
2,Continental Europe,110200,EUR,1,1,0.02,20000000,4600000
2,Continental Europe,110201,EUR,1,1,0.02,50000000,5747500
2,Continental Europe,110257,EUR,1,1,0.0305,64067741.67,6304265.78
2,Continental Europe,110258,EUR,1,1,0.07,80000000,17008000
2,Continental Europe,110259,EUR,1,1,0.07,40000000,15504279
2,Continental Europe,110409,EUR,1,1,0.01,300000000,22055000
2,Continental Europe,111674,CHF,1,1,0.075,20000000,6400000
2,Continental Europe,111675,CHF,1,1,0.05,7437656.636,1115648.495
2,Continental Europe,112688,EUR,1,1,0.05,100000000,3020000
2,Continental Europe,112690,EUR,1,1,0.05,33186309.97,9839740.908
2,Continental Europe,113474,EUR,1,1,0.05,60000000,4848000
2,Continental Europe,114581,EUR,1,1,0.0075,800000000,116000000
2,Continental Europe,115031,EUR,1,1,0.02,49077856.71,2208503.552
2,Continental Europe,115564,CHF,1,1,0.15,33215146.71,5314423.473
2,Continental Europe,115565,CHF,1,1,0.15,75000000,26250000
2,Continental Europe,115566,CHF,1,1,0.15,25000000,11750000
2,Continental Europe,115621,EUR,1,1,0.01,80000000,17009430
2,Continental Europe,115622,EUR,1,1,0.005,64067741.67,6304257.866
2,Continental Europe,115623,EUR,1,1,0.0125,40000000,15504279
2,Continental Europe,115721,EUR,1,1,0.01,25276266.11,1263813.306
2,Continental Europe,115722,EUR,1,1,0.01,500000000,32500000
2,Europe Wide,105350,SEK,1,1,0.024,466007283.1,186402913.2
2,Europe Wide,105911,DKK,1,1,0.075,154224166.8,26218108.36
2,Europe Wide,106787,EUR,1,1,0.085,200000000,48000000
2,Europe Wide,107159,EUR,1,1,0.0015,300000000,54000000
2,Europe Wide,107918,EUR,1,1,0.025,80000000,0
2,Europe Wide,107919,EUR,1,1,0.0225,2174187.1,0
2,Europe Wide,108231,EUR,1,1,0.02,300000000,54000000
2,Europe Wide,109471,EUR,1,1,0.01,43076202.91,0
2,Europe Wide,109806,DKK,1,1,0.01,334506750.6,29269340.67
2,Europe Wide,109807,DKK,1,1,0.01,400000000,72000000
2,Europe Wide,115270,DKK,1,1,0.03,150000000,45000000
2,Latin America Exc Chile,100084,USD,1.353,1.6236,0.09,2881980,410682.15
2,Latin America Exc Chile,100085,USD,1.353,1.6236,0.07,8757720,634934.7
2,Latin America Exc Chile,100086,USD,1.353,1.6236,0.15,25457490,954655.87
2,Latin America Exc Chile,111049,USD,1,1,0.1,1200000,288000
2,Latin America Exc Chile,111050,USD,1,1,0.025,4500000,506250
2,Latin America Exc Chile,111051,USD,1,1,0.1,15750000,882000
2,Latin America Exc Chile,111052,USD,1,1,0.05,44100000,970200
2,Latin America Exc Chile,111055,USD,1,1,0.0425,105047391,2720727.42
2,Latin America Exc Chile,111056,USD,1,1,0.0425,37500000,2625000
2,Latin America Exc Chile,111057,USD,1,1,0.095,10750000,1505000
2,Latin America Exc Chile,111058,USD,1,1,0.095,2900000,870000
2,Latin America Exc Chile,111160,USD,1,1,0.15,25000000,3125000
2,Latin America Exc Chile,111161,USD,1,1,0.15,50000000,11250000
2,Nordic Europe,106825,NOK,1,1,0.015,302473330.8,33272066.39
2,Nordic Europe,107204,NOK,1,1,0.01,302473330.8,33272066.39
2,Nordic Europe,107265,DKK,1,1,0.025,25000000,9875000
2,Nordic Europe,107266,DKK,1,1,0.025,50000000,12000000
2,Nordic Europe,107267,DKK,1,1,0.0125,76670423.23,7554970.865
2,Nordic Europe,107272,SEK,1,1,0.005,217598139.2,50047572.02
2,Nordic Europe,107450,DKK,1,1,0.01,300000000,60000000
2,Nordic Europe,109291,SEK,1,1,0.1,225000000,105750000
2,Nordic Europe,109292,SEK,1,1,0.1,217598139.2,55487525.5
2,Nordic Europe,112453,DKK,1,1,0.0315,300000000,60000000
2,Nordic Europe,116759,DKK,1,1,0.01,150000000,45000000
2,Nordic Europe,116760,DKK,1,1,0.005,400000000,72000000
2,Nordic Europe,116761,DKK,1,1,0.0025,331966213.8,29047043.71
2,Nordic Europe,116821,DKK,1,1,0.05,97127529.98,8255568.37
2,Nordic Europe,116937,DKK,1,1,0.025,97127529.98,8255840.048
2,Other Europe,78138,ZAR,1,1.25,1,16564644.42,0
2,Other Europe,106636,ZAR,1,1,1,68589189.4,37673304.57
2,Puerto Rico,91750,USD,2.022,3.033,0.02,4538035.23,776004.0243
2,Puerto Rico,91758,USD,2.022,3.033,0.02,771669.3883,102632.0286
2,Puerto Rico,91781,USD,2.022,3.033,0.02,288868.4111,56191.11662
2,Puerto Rico,92479,USD,2.022,3.033,0.06,3000000,1125330
2,Puerto Rico,92480,USD,2.022,3.033,0.06,396055.3832,71800.88042
2,Puerto Rico,94054,USD,2.022,3.033,0.085,7688962.954,1537792.591
2,Puerto Rico,94816,USD,2.022,3.033,0.1,6628135.602,994220.3403
2,Puerto Rico,94826,USD,2.022,3.033,0.1,2665640.802,346533.3043
2,Puerto Rico,102919,USD,2.022,3.033,0.01,7688962.954,1537792.591
2,Puerto Rico,104139,USD,2.022,3.033,0.01,2665640.802,346533.3043
2,Puerto Rico,104145,USD,2.022,3.033,0.01,6628135.602,994220.3403
2,USA Atlantic,90528,USD,1,1,0.02,146898074.2,7344903.708
2,USA Atlantic,90529,USD,1,1,0.015,240000000,18960000
2,USA Atlantic,90530,USD,1,1,0.015,60000000,16500000
2,USA Atlantic,90531,USD,1,1,0.015,140000000,21420000
2,USA Atlantic,90532,USD,1,1,0.015,30000000,11025000
2,USA Atlantic,91893,USD,3,4.5,0.075,7773029.603,466381.7762
2,USA Atlantic,96518,USD,3,4.5,0.03,31000000,7517500
2,USA Atlantic,96834,USD,3,4.5,0.02,196667445.1,0
2,USA Atlantic,104976,USD,1,1,0.005,146898074.2,11751845.93
2,USA Atlantic,104977,USD,1,1,0.0025,240000000,31200000
2,USA Atlantic,115207,USD,1,1,0.1,67747799.66,5081084.974
2,USA Atlantic,116580,USD,1,1,0.1,240000000,40800000
2,USA Atlantic,116581,USD,1,1,0.1,140000000,40600000
2,USA Atlantic,116582,USD,1,1,0.1,60000000,27600000
2,USA Florida,76366,USD,3,4.5,0.005,100000000,28750000
2,USA Florida,90287,USD,3,4.5,0.2,15000000,0
2,USA Florida,90288,USD,3,4.5,0.2,20000000,0
2,USA Florida,90289,USD,3,4.5,0.2,2788808.975,0
2,USA Florida,93717,USD,3,4.5,0.1,8553725.74,5132235.444
2,USA Florida,94444,USD,3,4.5,0.075,5650147.004,2712070.562
2,USA Florida,94445,USD,3,4.5,0.05,17092783.98,9750000
2,USA Florida,95840,USD,3,4.5,0.0025,27867580.11,9143353.033
2,USA Florida,98783,USD,3,4.5,0.04,100000000,28750000
2,USA Florida,98830,USD,3,4.5,0.001201,53227934.48,0
2,USA Florida,99416,USD,3,4.5,0.0075,27867580.11,9474977.236
2,USA Florida,99438,USD,3,4.5,0.03,27867580.11,9474977.236
2,USA Florida,99799,USD,3,4.5,0.15,10302177.54,5769219.422
2,USA Florida,108556,USD,1,1,0.125,3476470.146,1216764.551
2,USA Gulf,64052,USD,1,1,0.1,15353079.91,7369478.357
2,USA Gulf,64053,USD,1,1,0.048,15353079.91,0
2,USA Gulf,95186,USD,3.5,5.25,0.0075,20960159.41,4034830.687
2,USA Gulf,95560,USD,3.5,5.25,0.0075,60000000,18300000
2,USA Gulf,95703,USD,3.5,5.25,0.0075,47136360.48,19000000
2,USA Gulf,97070,USD,3.5,5.25,0.005,1673393.215,485284.0324
2,USA Gulf,117841,USD,1,1,0.2,27497395.5,0
2,USA Gulf,118041,USD,1,1,0.05,27497395.5,0
2,USA Midwest,63894,USD,1,1,0.1,20000000,5600000
2,USA Midwest,63895,USD,1,1,0.01,18901961.7,1701176.553
2,USA Midwest,63897,USD,1,1,0.02,18901961.7,3780392.34
2,USA Midwest,90064,USD,1.912,2.868,0.15,1635868.958,245380.3436
2,USA Midwest,105299,USD,1,1,0.06,118165258.6,26587183.18
2,USA Midwest,105668,USD,1,1,0.0125,114751229,20655221.22
2,USA Midwest,107222,USD,1,1,0.0125,80000000,0
2,USA Midwest,107223,USD,1,1,0.0125,50000000,0
2,USA Midwest,107225,USD,1,1,0.005,60000000,10500000
2,USA Midwest,107226,USD,1,1,0.01,40000000,12000000
2,USA Midwest,108946,USD,1,1,0.1,25644492.23,5513565.829
2,USA Midwest,111541,USD,1,1,0.1,30000000,11250000
2,USA Midwest,115419,USD,1,1,0.01,100000000,10000000
2,USA Midwest,115716,USD,1,1,0.005,67859100.43,16500000
2,USA Midwest,116352,USD,1,1,0.075,114751229,20655221.22
2,USA Midwest,116353,USD,1,1,0.1,50000000,20000000
2,USA Midwest,116354,USD,1,1,0.1,30000000,16500000
2,USA Midwest,116814,USD,1,1,0.0125,50000000,20000000
2,USA Midwest,116815,USD,1,1,0.0125,30000000,16500000
2,USA Nationwide,49556,USD,1,1.5,0.002,113053628.6,5935315.503
2,USA Nationwide,49709,USD,1,1.5,0.0075,5414316.555,1082863.311
2,USA Nationwide,49725,USD,1,1.5,0.01,90746949.12,4764214.829
2,USA Nationwide,66256,USD,1,1.5,0.015,250000000,0
2,USA Nationwide,73139,USD,1,1.5,0.00875,90746949.12,6028227.57
2,USA Nationwide,76394,USD,1,1.5,0.001,113053628.6,7510037.608
2,USA Nationwide,90515,USD,1,1,0.025,57887830.52,9800000
2,USA Nationwide,90517,USD,1,1,0.025,49508304.3,7426245.645
2,USA Nationwide,90921,USD,1,1.5,0.015,281633507.9,74632879.59
2,USA Nationwide,90949,USD,1,1.5,0.0215,281633507.9,61536921.47
2,USA Nationwide,90959,USD,1,1.5,0.005,172352088.2,41364501.16
2,USA Nationwide,91090,USD,1,1.5,0.02,30000000,8250000
2,USA Nationwide,91091,USD,1,1.5,0.03,170000000,24650000
2,USA Nationwide,91092,USD,1,1.5,0.03,137011939.3,16200000
2,USA Nationwide,91093,USD,1,1.5,0.02,93024957.45,0
2,USA Nationwide,91118,USD,1,1.5,0.9090909,22000000,0
2,USA Nationwide,92364,USD,1,1.5,0.1,93024957.45,0
2,USA Nationwide,94017,USD,1,1.5,0.02,550000000,148500000
2,USA Nationwide,94179,USD,1,1.5,0.1,170000000,24650000
2,USA Nationwide,94181,USD,1,1.5,0.1,30000000,8250000
2,USA Nationwide,94299,USD,1,1.5,0.025,10122634.54,3644148.433
2,USA Nationwide,94425,USD,1,1.5,0.005,10122634.54,3644148.433
2,USA Nationwide,94841,USD,1,1.5,0.1,137011939.3,16200000
2,USA Nationwide,94884,USD,1,1.5,0.05,166576.8797,49973.0639
2,USA Nationwide,95432,USD,1,1.5,0.05,250000000,0
2,USA Nationwide,95534,USD,1,1.5,0.0015,550000000,148500000
2,USA Nationwide,95817,USD,1,1.5,0.1,3982912.669,1334275.744
2,USA Nationwide,96512,USD,1,1.5,0.03,37670777.14,2448600.514
2,USA Nationwide,96517,USD,1,1.5,0.03,150000000,18750000
2,USA Nationwide,96649,USD,1,1.5,0.01,150000000,18750000
2,USA Nationwide,96650,USD,1,1.5,0.01,37670777.14,2448600.514
2,USA Nationwide,96812,USD,1,1.5,0.02,12542148.24,0
2,USA Nationwide,97482,USD,1,1.5,0.01,361524612,126000000
2,USA Nationwide,97781,USD,1,1.5,0.1,17954562.41,0
2,USA Nationwide,99097,USD,1,1.5,0.08,62877555.11,0
2,USA Nationwide,99098,USD,1,1.5,0.08,104017354.7,0
2,USA Nationwide,99643,USD,1,1.5,0.05,4089647.017,480533.5245
2,USA Nationwide,100711,USD,1,1.5,0.1,170000000,35700000
2,USA Nationwide,100973,USD,1,1.5,0.005,100000000,14000000
2,USA Nationwide,101167,USD,1,1.5,0.01,250000000,0
2,USA Nationwide,101170,USD,1,1.5,0.01,250000000,40000000
2,USA Nationwide,101173,USD,1,1.5,0.01,51326896.2,4876055.139
2,USA Nationwide,101322,USD,1,1.5,0.01,29572994.53,8428303.441
2,USA Nationwide,101402,USD,1,1.5,0.0075,4518095.2,417923.806
2,USA Nationwide,101847,USD,1,1.5,0.125,4518095.2,587352.376
2,USA Nationwide,101848,USD,1,1.5,0.075,100000000,18500000
2,USA Nationwide,101849,USD,1,1.5,0.075,50000000,16250000
2,USA Nationwide,102415,USD,1,1.5,0.04,27500000,7837500
2,USA Nationwide,104504,USD,1,1.5,0.1,11763810.7,3235047.943
2,USA Nationwide,107312,USD,1,1,0.035,11500000,4945000
2,USA Nationwide,107359,USD,1,1,0.04,74085687.74,0
2,USA Nationwide,108177,USD,1,1,0.05,367758.7808,101133.6647
2,USA Nationwide,115735,USD,1,1,0.075,69015850.55,24155547.69
2,USA Nationwide,116067,USD,1,1,0.1,74085687.74,0
2,USA Nationwide,116446,USD,1,1.5,0.02,16297334.79,2281626.871
2,USA Nationwide,116915,USD,1,1,0.12,52636084.45,0
2,USA Northeast,95884,USD,2.135,2.7755,0.015,33739.33953,10965.28535
2,United Kingdom,99469,EUR,1,1.5,0.02,7404052.287,1702932.026
2,United Kingdom,100852,GBP,1,1.5,0.01,3379191.046,650494.2764
2,United Kingdom,102456,EUR,1,1.5,0.02,2915566.013,670580.183
2,United Kingdom,104551,GBP,1,1.5,1,102321.9358,40928.77433
2,Worldwide/Worldwide Ex US,100383,USD,1,1.5,0.15,4465918.059,1488490.489
2,Worldwide/Worldwide Ex US,100968,USD,1,1.5,0.01,122937985.7,0
2,Worldwide/Worldwide Ex US,101785,USD,1,1.5,0.225,2500000,1250000
2,Worldwide/Worldwide Ex US,101975,USD,1,1.5,0.225,1765688.996,467907.5839
2,Worldwide/Worldwide Ex US,104891,USD,1,1,0.08,150000000,54750000
2,Worldwide/Worldwide Ex US,108616,USD,1,1,0.02,1329300.567,0
2,Worldwide/Worldwide Ex US,108838,CHF,1,1,0.2,18591653.41,5391579.488
2,Worldwide/Worldwide Ex US,110527,EUR,1,1,0.18,50000000,19100000
2,Worldwide/Worldwide Ex US,111629,EUR,1,1,0.4,100000000,35000000
2,Worldwide/Worldwide Ex US,112012,USD,1,1,0.01,68416517.05,10946642.73
2,Worldwide/Worldwide Ex US,112043,USD,1,1,0.333333333,183130609.1,68475000
2,Worldwide/Worldwide Ex US,112178,EUR,1,1,0.2,10434246.56,5869263.69
2,Worldwide/Worldwide Ex US,112512,USD,1,1,0.06325,100301533.5,30090460.05
2,Worldwide/Worldwide Ex US,113844,EUR,1,1,0.19,30000000,9000000
2,Worldwide/Worldwide Ex US,114327,USD,1,1,0.125,116647757,30911655.59
2,Worldwide/Worldwide Ex US,114428,USD,1,1,0.05,64924757.52,0
2,Worldwide/Worldwide Ex US,116192,EUR,1,1,0.035,29840945.35,8653874.151
3,Canada,115021,CAD,1,1,0.02,23467861.24,8213751.435
3,Caribbean Ex Puerto Rico,91151,USD,3.434,4.8076,0.01,11609974.74,3395917.613
3,Caribbean Ex Puerto Rico,91282,USD,3.434,4.8076,0.035,11609974.74,4643989.898
3,Caribbean Ex Puerto Rico,99887,CAD,3.434,4.8076,1,0.758644375,0
3,Caribbean Ex Puerto Rico,100934,DOP,3.434,4.8076,0.038,255000000,52275000
3,Caribbean Ex Puerto Rico,100935,DOP,3.434,4.8076,0.0265,327461562.9,46990734.27
3,Caribbean Ex Puerto Rico,114915,USD,1,1,0.02,20399.56186,7139.846651
3,Continental Europe,97374,EUR,1.6,2,0.005,92017202.7,0
3,Continental Europe,102348,EUR,1.6,2,0.01,146011292.2,0
3,Continental Europe,102349,EUR,1.6,2,0.01,100000000,0
3,Continental Europe,102350,EUR,1.6,2,0.01,70385811.72,0
3,Continental Europe,102351,EUR,1.6,2,0.01,75125028.73,0
3,Continental Europe,105833,EUR,1,1,0.01,65000000,9425040
3,Continental Europe,105834,EUR,1,1,0.01,46411597.6,3480869.82
3,Continental Europe,106409,EUR,1,1,0.03,299702.8818,0
3,Continental Europe,106528,EUR,1,1,0.05,26566794.22,11008238.71
3,Continental Europe,108145,EUR,1,1,0.04,79834544.32,12773527.09
3,Continental Europe,108899,EUR,1,1,0.015,35000000,9791150
3,Continental Europe,108900,EUR,1,1,0.015,45686867.74,8094487.641
3,Continental Europe,108995,EUR,1,1,0.0275,17944459.32,1821362.621
3,Continental Europe,109456,EUR,1,1,0.07,9744969.115,1291208.408
3,Continental Europe,110199,EUR,1,1,0.04,15000000,5100000
3,Continental Europe,110200,EUR,1,1,0.02,20000000,4600000
3,Continental Europe,110201,EUR,1,1,0.02,3045987.583,350136.2727
3,Continental Europe,110259,EUR,1,1,0.07,69931253.6,15504279
3,Continental Europe,111113,EUR,1,1,0.2,3025550.498,385757.6885
3,Continental Europe,111479,EUR,1,1,0.03,6735236.043,0
3,Continental Europe,112644,EUR,1,1,0.055,226960.1913,74392.55759
3,Continental Europe,114581,EUR,1,1,0.0075,20945761.89,3037135.474
3,Continental Europe,115564,CHF,1,1,0.15,50196330.08,8031412.812
3,Continental Europe,115565,CHF,1,1,0.15,75000000,26250000
3,Continental Europe,115566,CHF,1,1,0.15,25000000,11750000
3,Continental Europe,115623,EUR,1,1,0.0125,69931253.6,27105841.66
3,Europe Wide,105911,DKK,1,1,0.075,3745577.241,636748.131
3,Europe Wide,106798,EUR,1,1,0.01,62457707.18,10930098.76
3,Europe Wide,107918,EUR,1,1,0.025,80000000,0
3,Europe Wide,107919,EUR,1,1,0.0225,29025269.14,0
3,Europe Wide,109599,EUR,1,1,0.03,174570724,36659852.04
3,Latin America Exc Chile,100084,USD,1.353,1.6236,0.09,202189.3112,28811.97685
3,Latin America Exc Chile,111049,USD,1,1,0.1,354341.0019,85041.84046
3,Latin America Exc Chile,111057,USD,1,1,0.095,2834311.463,396803.6048
3,Latin America Exc Chile,111058,USD,1,1,0.095,2900000,870000
3,Nordic Europe,109291,SEK,1,1,0.1,191095726.8,89814991.58
3,Other Asia Pacific,111303,TWD,1,1,0.04,201096326.2,56925342.53
3,Other Asia Pacific,115153,CNY,1,1,0.02,96460649.11,8410601.74
3,Other Europe,78138,ZAR,1,1.25,1,2762941.59,0
3,Other Europe,99648,ZAR,1,1.25,1,44228819.86,0
3,Other Europe,101642,AED,1,1.25,0.1,78629992.5,6241648.805
3,Other Europe,102364,EUR,1,1.25,0.01,3691674.176,0
3,Other Europe,102365,EUR,1,1.25,0.01,10000000,0
3,Other Europe,102991,SAR,1,1.25,0.1,74339900.5,1967034.191
3,Other Europe,116542,EUR,1,1,0.135,871762.2933,166826.5348
3,USA Florida,76366,USD,3,4.5,0.005,60930986.05,28750000
3,USA Florida,90287,USD,3,4.5,0.2,7500000,0
3,USA Florida,90288,USD,3,4.5,0.2,10000000,0
3,USA Florida,90289,USD,3,4.5,0.2,20000000,0
3,USA Florida,90290,USD,3,4.5,0.2,49000000,0
3,USA Florida,93714,USD,3,4.5,0.1,988796.0493,296638.8148
3,USA Florida,93717,USD,3,4.5,0.1,20000000,12000000
3,USA Florida,93718,USD,3,4.5,0.1,35000000,15400000
3,USA Florida,93813,USD,3,4.5,0.0125,988796.0493,296638.8148
3,USA Florida,93818,USD,3,4.5,0.0125,35000000,15400000
3,USA Florida,94098,USD,3,4.5,0.125,45000000,0
3,USA Florida,94438,USD,3,4.5,0.075,100000000,31000000
3,USA Florida,94444,USD,3,4.5,0.075,60000000,28800000
3,USA Florida,94445,USD,3,4.5,0.05,15000000,9750000
3,USA Florida,95840,USD,3,4.5,0.0025,100000000,32810000
3,USA Florida,96013,USD,3,4.5,0.05,114858496.2,0
3,USA Florida,96503,USD,3,4.5,0.125,21421268.97,7069018.761
3,USA Florida,96597,USD,3,4.5,0.009,114858496.2,0
3,USA Florida,96674,USD,3,4.5,0.015,21421268.97,7069018.761
3,USA Florida,96744,USD,3,4.5,0.002322,51900000,15570000
3,USA Florida,96752,USD,3,4.5,0.05,15549895.46,3498726.478
3,USA Florida,97116,USD,3,4.5,0.025,3860920.468,579138.0702
3,USA Florida,97118,USD,3,4.5,0.025,15000000,4050000
3,USA Florida,98783,USD,3,4.5,0.04,60930986.05,28750000
3,USA Florida,98829,USD,3,4.5,0.00147,52867747.94,0
3,USA Florida,98830,USD,3,4.5,0.001201,237900000,0
3,USA Florida,99256,USD,3,4.5,0.015,45000000,0
3,USA Florida,99259,USD,3,4.5,0.125,51044902.05,0
3,USA Florida,99303,USD,3,4.5,0.05,15024431.29,2704397.632
3,USA Florida,99316,USD,3,4.5,0.015,51044902.05,0
3,USA Florida,99415,USD,3,4.5,0.015,1494636.074,271276.4474
3,USA Florida,99416,USD,3,4.5,0.0075,100000000,34000000
3,USA Florida,99437,USD,3,4.5,0.04,1865646.985,338614.9278
3,USA Florida,99438,USD,3,4.5,0.03,100000000,34000000
3,USA Florida,99799,USD,3,4.5,0.15,33279637.1,18636596.78
3,USA Florida,99855,USD,3,4.5,0.025,5335537.849,1467272.908
3,USA Florida,101269,USD,3,4.5,0.15,40000000,0
3,USA Florida,111655,USD,1,1,0.0525,6054585.606,1210917.121
3,USA Florida,116073,USD,1,1,0.1,21000000,4410000
3,USA Gulf,64052,USD,1,1,0.1,20000000,9600000
3,USA Gulf,64053,USD,1,1,0.048,20000000,0
3,USA Gulf,64054,USD,1,1,0.1,75000000,26250000
3,USA Gulf,64055,USD,1,1,0.035,75000000,0
3,USA Gulf,64056,USD,1,1,0.1,2099484.247,367409.7432
3,USA Gulf,64057,USD,1,1,0.0175,2099484.247,0
3,USA Gulf,90432,USD,3.5,5.25,0.025,5342551.462,365964.7752
3,USA Gulf,90433,USD,3.5,5.25,0.05,10000000,1340000
3,USA Gulf,90434,USD,3.5,5.25,0.05,5000000,1287500
3,USA Gulf,90998,USD,3.5,5.25,0.025,12261082.17,1410024.449
3,USA Gulf,93335,USD,3.5,5.25,0.01,20000000,7600000
3,USA Gulf,93336,USD,3.5,5.25,0.01,19209404.66,5186539.258
3,USA Gulf,94804,USD,3.5,5.25,0.01,30574221.42,3210293.249
3,USA Gulf,95186,USD,3.5,5.25,0.0075,108514260.1,20888995.07
3,USA Gulf,95297,USD,3.5,5.25,0.0175,60000000,18600000
3,USA Gulf,95560,USD,3.5,5.25,0.0075,60000000,18300000
3,USA Gulf,95644,USD,3.5,5.25,0.025,641460.8675,224511.3036
3,USA Gulf,95703,USD,3.5,5.25,0.0075,57510418.11,19000000
3,USA Gulf,97070,USD,3.5,5.25,0.005,18507293.05,5367114.984
3,USA Gulf,97230,USD,3.5,5.25,0.05,15766025.56,1300697.109
3,USA Gulf,99891,USD,3.5,5.25,0.02,82454176.9,10100636.67
3,USA Gulf,100396,USD,3.5,5.25,0.0075,82454176.9,10100636.67
3,USA Gulf,107006,USD,1,1,0.005,2099484.247,335917.4795
3,USA Midwest,105668,USD,1,1,0.0125,35943615.73,6469850.832
3,USA Midwest,107223,USD,1,1,0.0125,30934520.06,0
3,USA Midwest,116352,USD,1,1,0.075,35943615.73,6469850.832
3,USA Midwest,116353,USD,1,1,0.1,50000000,20000000
3,USA Midwest,116354,USD,1,1,0.1,30000000,16500000
3,USA Midwest,116814,USD,1,1,0.0125,50000000,20000000
3,USA Midwest,116815,USD,1,1,0.0125,30000000,16500000
3,USA Nationwide,90921,USD,1,1.5,0.015,110601689.7,29309447.76
3,USA Nationwide,90949,USD,1,1.5,0.0215,110601689.7,24166469.19
3,USA Nationwide,91090,USD,1,1.5,0.02,2405503.595,1323026.977
3,USA Nationwide,91118,USD,1,1.5,0.9090909,22000000,0
3,USA Nationwide,92436,USD,1,1.5,0.05,529015.8161,87287.60965
3,USA Nationwide,94181,USD,1,1.5,0.1,2405503.595,1323026.977
3,USA Nationwide,94884,USD,1,1.5,0.05,1181570.685,354471.2056
3,USA Nationwide,97143,USD,1,1.5,0.0125,19494503.83,2729230.536
3,USA Nationwide,97144,USD,1,1.5,0.0125,50000000,11000000
3,USA Nationwide,97781,USD,1,1.5,0.1,18370222.56,0
3,USA Nationwide,98994,USD,1,1.5,0.01,2730222.557,682555.6392
3,USA Nationwide,99097,USD,1,1.5,0.08,46234620.98,0
3,USA Nationwide,99098,USD,1,1.5,0.08,191073110.8,0
3,USA Nationwide,101849,USD,1,1.5,0.075,1781632.234,579030.4762
3,USA Nationwide,102415,USD,1,1.5,0.04,11855308.44,3378762.905
3,USA Nationwide,104504,USD,1,1.5,0.1,4657676.964,1280861.165
3,USA Nationwide,108177,USD,1,1,0.05,448044.3536,123212.1972
3,USA Nationwide,109347,USD,1,1,0.01,24732903.98,6801548.595
3,USA Nationwide,115003,USD,1,1,0.02,24732903.98,6801548.595
3,USA Northeast,95884,USD,2.135,2.7755,0.015,5170222.192,1680322.213
3,USA Northeast,96053,USD,2.135,2.7755,0.04,25531551.13,4212705.937
3,USA Northeast,100663,USD,2.135,2.7755,0.01,25531551.13,4212705.937
3,USA Northeast,101345,USD,2.135,2.7755,0.0355,1721487.403,223793.3624
3,USA WestCoast,93322,USD,2,3,0.25,14321845.99,0
3,USA WestCoast,93574,USD,2,3,0.1,14321845.99,0
3,USA WestCoast,98706,USD,2,3,0.025,6676700.922,721083.6996
3,United Kingdom,97604,GBP,1,1.5,0.015,21722214.76,1705193.859
3,United Kingdom,99469,EUR,1,1.5,0.02,25041908.58,5759638.974
3,United Kingdom,99711,GBP,1,1.5,0.004,21722214.76,1705193.859
3,United Kingdom,99780,GBP,1,1.5,0.0045,14176108.16,1842894.061
3,United Kingdom,100720,GBP,1,1.5,0.022,7106323.596,923822.0675
3,United Kingdom,100851,GBP,1,1.5,0.01,6817203.344,0
3,United Kingdom,100852,GBP,1,1.5,0.01,13085282.49,2021250
3,United Kingdom,102456,EUR,1,1.5,0.02,18436879.55,4240482.297
3,United Kingdom,104551,GBP,1,1.5,1,1000000,200000
3,United Kingdom,104625,GBP,1,1.5,0.125,742574.8204,189300
3,United Kingdom,106461,GBP,1,1,0.05,27437468.5,6804492.188
3,United Kingdom,107091,GBP,1,1,0.01,27437468.5,6804492.188
3,United Kingdom,112749,GBP,1,1,0.03,124397622.6,0
3,United Kingdom,114298,GBP,1,1,0.06,122628891.8,38014956.47
3,United Kingdom,117016,GBP,1,1,0.005,122628891.8,38014956.47
3,Worldwide/Worldwide Ex US,63753,GBP,1,1,0.06,19250000,3850000
3,Worldwide/Worldwide Ex US,98509,USD,1,1.5,0.1,29002732.8,6525614.881
3,Worldwide/Worldwide Ex US,113844,EUR,1,1,0.19,11288782.55,3386634.766
3,Worldwide/Worldwide Ex US,115337,USD,1,1,0.2,701435.97,210430.791
3,Worldwide/Worldwide Ex US,117015,GBP,1,1,0.005,19925000,3985000
4,Australia / New Zealand,97979,AUD,1,1.5,0.1,20000000,0
4,Australia / New Zealand,99990,AUD,1,1.5,0.01,20000000,0
4,Australia / New Zealand,102425,AUD,1,1.5,0.06,20000000,0
4,Canada,97578,CAD,1,1,0.04,1282362.791,166707.1629
4,Caribbean Ex Puerto Rico,91150,USD,3.434,4.8076,0.01,10855092.6,1573988.427
4,Caribbean Ex Puerto Rico,91151,USD,3.434,4.8076,0.01,25000000,7312500
4,Caribbean Ex Puerto Rico,91282,USD,3.434,4.8076,0.035,25000000,10000000
4,Caribbean Ex Puerto Rico,91283,USD,3.434,4.8076,0.035,10855092.6,2171018.519
4,Caribbean Ex Puerto Rico,114915,USD,1,1,0.02,5734172.209,2006960.273
4,Caribbean Ex Puerto Rico,117818,JMD,1,1,0.1075,250654905.8,45744520.32
4,Caribbean Ex Puerto Rico,118258,JMD,1,1,0.1529,250654905.8,0
4,Continental Europe,106528,EUR,1,1,0.05,11441440.69,4740884.778
4,Continental Europe,106531,EUR,1,1,0.05,2701287.129,1148609.159
4,Continental Europe,108921,EUR,1,1,0.1,5861415.19,1758424.557
4,Continental Europe,110259,EUR,1,1,0.07,7487969.105,2902389.054
4,Continental Europe,112690,EUR,1,1,0.05,11275908.8,3343306.96
4,Continental Europe,115623,EUR,1,1,0.0125,7487969.105,2902389.054
4,Europe Wide,105350,SEK,1,1,0.024,250000000,100000000
4,Europe Wide,105911,DKK,1,1,0.075,8088202.268,1374994.386
4,Europe Wide,109807,DKK,1,1,0.01,100682676.8,18122881.83
4,Europe Wide,115270,DKK,1,1,0.03,150000000,45000000
4,Nordic Europe,105351,SEK,1,1,0.024,657678053,65767805.3
4,Nordic Europe,107265,DKK,1,1,0.025,25000000,9875000
4,Nordic Europe,107266,DKK,1,1,0.025,50000000,12000000
4,Nordic Europe,107267,DKK,1,1,0.0125,7916111.985,780039.9801
4,Nordic Europe,107270,SEK,1,1,0.0025,1979217555,0
4,Nordic Europe,107271,SEK,1,1,0.01,1000000000,0
4,Nordic Europe,107272,SEK,1,1,0.005,525000000,120750000
4,Nordic Europe,107450,DKK,1,1,0.01,300000000,60000000
4,Nordic Europe,109291,SEK,1,1,0.1,225000000,105750000
4,Nordic Europe,109292,SEK,1,1,0.1,525000000,133875000
4,Nordic Europe,109293,SEK,1,1,0.05,1000000000,89000000
4,Nordic Europe,109294,SEK,1,1,0.01,1979217555,51459656.44
4,Nordic Europe,112453,DKK,1,1,0.0315,300000000,60000000
4,Nordic Europe,116759,DKK,1,1,0.01,150000000,45000000
4,Nordic Europe,116760,DKK,1,1,0.005,100356720.5,18064209.7
4,Other Asia Pacific,115583,USD,1,1,0.2,2000000,1000000
4,Other Asia Pacific,115585,USD,1,1,0.2,1786065.67,471521.337
4,Other Europe,99275,ZAR,1,1.25,0.03,198058912,5248231.152
4,Other Europe,99276,ZAR,1,1.25,0.03,840000000,63429954
4,Other Europe,99277,ZAR,1,1.25,0.03,160000000,36004524.5
4,Other Europe,99278,ZAR,1,1.25,0.03,156488582.8,56342970.13
4,Other Europe,99648,ZAR,1,1.25,1,150000000,0
4,Other Europe,106636,ZAR,1,1,1,100000000,54926009.33
4,USA Atlantic,106632,USD,1,1,0.125,3240669.27,891184.0494
4,USA Florida,76366,USD,3,4.5,0.005,1665679.711,957765.834
4,USA Florida,90287,USD,3,4.5,0.2,2200180.294,0
4,USA Florida,98783,USD,3,4.5,0.04,1665679.711,957765.834
4,USA Gulf,64052,USD,1,1,0.1,13704607.07,6578211.392
4,USA Gulf,64053,USD,1,1,0.048,13704607.07,0
4,USA Gulf,71591,USD,3.5,5.25,0.01,50000000,0
4,USA Gulf,71592,USD,3.5,5.25,0.045,11035051.63,0
4,USA Gulf,71594,USD,3.5,5.25,0.03,40000000,0
4,USA Gulf,72059,USD,3.5,5.25,0.005,100000000,6650000
4,USA Gulf,72060,USD,3.5,5.25,0.0075,104866156.7,2684573.613
4,USA Gulf,75069,USD,3.5,5.25,0.0046,50000000,0
4,USA Gulf,75070,USD,3.5,5.25,0.0054,100000000,0
4,USA Gulf,75074,USD,3.5,5.25,0.0125,11035051.63,0
4,USA Gulf,76369,USD,3.5,5.25,0.005,100000000,6650000
4,USA Gulf,76370,USD,3.5,5.25,0.005,104866156.7,2773993.284
4,USA Gulf,92845,USD,3.5,5.25,0.03,100000000,0
4,USA Gulf,92846,USD,3.5,5.25,0.035,50000000,0
4,USA Gulf,93187,USD,3.5,5.25,0.01,100000000,0
4,USA Gulf,93188,USD,3.5,5.25,0.005,50000000,0
4,USA Gulf,94906,USD,3.5,5.25,0.005,104866156.7,3145984.702
4,USA Gulf,94907,USD,3.5,5.25,0.005,100000000,8025000
4,USA Gulf,94949,USD,3.5,5.25,0.0075,104866156.7,3145984.702
4,USA Gulf,94950,USD,3.5,5.25,0.005,100000000,8025000
4,USA Gulf,95642,USD,3.5,5.25,0.025,3886570.5,373110.768
4,USA Gulf,95643,USD,3.5,5.25,0.025,45000000,8550000
4,USA Gulf,95644,USD,3.5,5.25,0.025,15000000,5250000
4,USA Gulf,104646,USD,3.5,5.25,0.01,104866156.7,2915279.157
4,USA Gulf,104647,USD,3.5,5.25,0.01,100000000,7337500
4,USA Midwest,105668,USD,1,1,0.0125,33887433.02,6099737.944
4,USA Midwest,107223,USD,1,1,0.0125,9438481.308,0
4,USA Midwest,107226,USD,1,1,0.01,14993053.77,4497916.132
4,USA Midwest,116352,USD,1,1,0.075,33887433.02,6099737.944
4,USA Midwest,116353,USD,1,1,0.1,84442439.62,20000000
4,USA Midwest,116354,USD,1,1,0.1,60000000,16500000
4,USA Midwest,116814,USD,1,1,0.0125,84442439.62,20000000
4,USA Midwest,116815,USD,1,1,0.0125,60000000,16500000
4,USA Nationwide,91090,USD,1,1.5,0.02,15000000,8250000
4,USA Nationwide,91091,USD,1,1.5,0.03,85000000,24650000
4,USA Nationwide,91092,USD,1,1.5,0.03,91911623.04,12408069.11
4,USA Nationwide,94017,USD,1,1.5,0.02,76760997.7,20725469.38
4,USA Nationwide,94179,USD,1,1.5,0.1,85000000,24650000
4,USA Nationwide,94181,USD,1,1.5,0.1,15000000,8250000
4,USA Nationwide,94841,USD,1,1.5,0.1,91911623.04,12408069.11
4,USA Nationwide,94883,USD,1,1.5,0.05,1569914.115,255111.0436
4,USA Nationwide,94884,USD,1,1.5,0.05,3000000,900000
4,USA Nationwide,95534,USD,1,1.5,0.0015,76760997.7,20725469.38
4,USA Nationwide,95852,USD,1,1.5,0.035,552625.8766,88420.14026
4,USA Nationwide,97781,USD,1,1.5,0.1,12645372.46,0
4,USA Nationwide,99098,USD,1,1.5,0.08,45055307.45,0
4,USA Nationwide,100711,USD,1,1.5,0.1,85000000,35700000
4,USA Nationwide,107312,USD,1,1,0.035,11500000,4945000
4,USA Nationwide,109177,USD,1,1,0.0075,241002388.6,0
4,USA Nationwide,115791,USD,1,1,0.075,186175335.9,0
4,USA Nationwide,116438,USD,1,1,0.0075,8478256.892,0
4,USA Nationwide,116446,USD,1,1.5,0.02,18425376.4,2579552.696
4,USA WestCoast,99389,USD,2,3,0.166666667,1244023.811,528710.1197
4,United Kingdom,104551,GBP,1,1.5,1,49444.04585,19777.61834
4,Worldwide/Worldwide Ex US,101785,USD,1,1.5,0.225,1135388.55,567694.2751
4,Worldwide/Worldwide Ex US,115337,USD,1,1,0.2,9695545.493,2908663.648
5,Australia / New Zealand,98881,AUD,1,1.5,0.005,6129236.186,0
5,Australia / New Zealand,99826,AUD,1,1.5,0.01,8100556.141,0
5,Australia / New Zealand,99827,AUD,1,1.5,0.01,60000000,0
5,Australia / New Zealand,99899,AUD,1,1.5,0.09,60000000,0
5,Australia / New Zealand,99900,AUD,1,1.5,0.09,8100556.141,0
5,Australia / New Zealand,100529,AUD,1,1.5,0.05,20291200.12,0
5,Australia / New Zealand,100775,AUD,1,1.5,0.0125,20291200.12,0
5,Australia / New Zealand,100981,AUD,1,1.5,0.25,60000000,30600000
5,Australia / New Zealand,102290,AUD,1,1.5,0.01,20291200.12,0
5,Australia / New Zealand,102453,AUD,1,1.5,0.005,6129236.186,0
5,Australia / New Zealand,102454,AUD,1,1.5,0.005,263714409.9,0
5,Canada,105313,CAD,1,1,0.01,7974665.962,1096516.57
5,Canada,107088,CAD,1,1,0.01,22374454.35,7831321.32
5,Canada,107415,CAD,1,1,0.005,112553550.1,8441516.259
5,Canada,107416,CAD,1,1,0.005,200000000,54000000
5,Canada,107417,CAD,1,1,0.005,75000000,36000000
5,Canada,108285,CAD,1,1,0.027,200000000,0
5,Canada,108287,CAD,1,1,0.0075,112553550.1,0
5,Canada,108288,CAD,1,1,0.025,75000000,35999607.58
5,Canada,108289,CAD,1,1,0.045,200000000,67500000
5,Canada,108290,CAD,1,1,0.04,112553550.1,8441424.243
5,Canada,109474,CAD,1,1,0.01,65000000,22750000
5,Canada,110028,CAD,1,1,0.01,143619084.5,43085725.34
5,Canada,113890,CAD,1,1,0.05,49218471.95,6152308.993
5,Canada,113891,CAD,1,1,0.05,50000000,15000000
5,Canada,115021,CAD,1,1,0.02,50000000,17500000
5,Caribbean Ex Puerto Rico,99887,CAD,3.434,4.8076,1,1.579171058,0
5,Chile,74693,CLF,2.21,2.873,0.047075,27488.04788,6469.915822
5,Chile,95989,CLF,2.21,2.873,0.05553,16907.11671,0
5,Chile,96351,CLF,2.21,2.873,0.02,97452.06994,31184.66238
5,Chile,98365,CLF,2.21,2.873,0.1,47452.06994,9490.413987
5,Chile,100705,CLF,2.21,2.873,0.05,82700.14401,18491.7522
5,Chile,101055,CLF,2.21,2.873,0.055976018,47452.06994,0
5,Chile,101116,CLF,2.21,2.873,0.143865,97452.06994,0
5,Chile,102633,CLF,2.21,2.873,0.075,5478.498983,2328.362068
5,Chile,105672,CLF,1,1,0.375,81781.90431,31486.03316
5,Continental Europe,106528,EUR,1,1,0.05,2922721.146,1211061.139
5,Continental Europe,106530,EUR,1,1,0.05,4893211.19,1454486.407
5,Continental Europe,106531,EUR,1,1,0.05,3000000,1275624.29
5,Continental Europe,108908,EUR,1,1,0.1,10000000,5190000
5,Japan,68314,JPY,2,2.6,0.117,3000000000,1192500000
5,Japan,90333,JPY,2,2.6,0.0007817,17030318876,1089940408
5,Japan,90731,JPY,2,2.6,0.008,3000000000,1192500000
5,Japan,91406,JPY,2,2.6,0.07,2000000000,920000000
5,Japan,91408,JPY,2,2.6,0.01,2723621948,435779511.8
5,Japan,91524,JPY,2,2.6,0.0035,20000000000,7350000000
5,Japan,91525,JPY,2,2.6,0.002,50000000000,12500000000
5,Japan,91535,JPY,2,2.6,0.01,50000000000,12500000000
5,Japan,91536,JPY,2,2.6,0.02,20000000000,7350000000
5,Japan,91766,JPY,2,2.6,0.01,3524634892,275626448.5
5,Japan,91767,JPY,2,2.6,0.01,45000000000,6286500000
5,Japan,91768,JPY,2,2.6,0.02,35000000000,9614500000
5,Japan,91806,JPY,2,2.6,0.0025,35000000000,9614500000
5,Japan,91807,JPY,2,2.6,0.005,45000000000,6286500000
5,Japan,91808,JPY,2,2.6,0.0025,3524634892,275626448.5
5,Japan,93229,JPY,2,2.6,0.04,15000000000,4050000000
5,Japan,93461,JPY,2,2.6,0.01,20000000000,7350000000
5,Japan,93462,JPY,2,2.6,0.015,50000000000,12500000000
5,Japan,94456,JPY,2,2.6,0.02,3883074759,0
5,New Zealand,54099,NZD,2,3,0.007,3006940.813,0
5,New Zealand,54100,NZD,2,3,0.005,20000000,0
5,New Zealand,54108,NZD,2,3,0.005,17500000,0
5,New Zealand,54109,NZD,2,3,0.00375,3006940.813,0
5,New Zealand,68233,NZD,2,3,0.015,47500000,0
5,New Zealand,68234,NZD,2,3,0.015,47500000,0
5,New Zealand,68235,NZD,2,3,0.015,7900091.272,706180.1527
5,New Zealand,68236,NZD,2,3,0.015,7900091.272,706180.1527
5,New Zealand,68244,NZD,2,3,0.025,7900091.272,730758.4426
5,New Zealand,68245,NZD,2,3,0.025,45000000,0
5,New Zealand,68777,NZD,2,3,0.0025,7322435.902,0
5,New Zealand,73108,NZD,2,3,0.025,20000000,0
5,New Zealand,73109,NZD,2,3,0.025,3006940.813,0
5,New Zealand,73119,NZD,2,3,0.025,17500000,0
5,New Zealand,73120,NZD,2,3,0.025,3006940.813,0
5,New Zealand,91254,NZD,2,3,0.0025,45000000,0
5,New Zealand,91255,NZD,2,3,0.0075,45000000,0
5,New Zealand,91260,NZD,2,3,0.0025,7900091.272,730758.4426
5,New Zealand,91264,NZD,2,3,0.0075,7900091.272,730758.4426
5,New Zealand,92875,NZD,2,3,0.025,7900091.272,730758.4426
5,New Zealand,92876,NZD,2,3,0.025,45000000,0
5,New Zealand,104876,NZD,2,3,0.025,3006940.813,0
5,New Zealand,104877,NZD,2,3,0.025,17500000,0
5,New Zealand,105202,NZD,2,3,0.00375,3006940.813,0
5,New Zealand,105203,NZD,2,3,0.005,17500000,0
5,Other Europe,99648,ZAR,1,1.25,1,58346496.27,0
5,Other Europe,107928,ZAR,1,1,0.0075,217630099.2,36997116.86
5,USA Atlantic,90529,USD,1,1,0.015,4724978.325,373273.2877
5,USA Atlantic,90530,USD,1,1,0.015,99442334.3,16500000
5,USA Atlantic,90531,USD,1,1,0.015,140000000,21420000
5,USA Atlantic,90532,USD,1,1,0.015,60000000,11025000
5,USA Atlantic,96518,USD,3,4.5,0.03,19013876.76,4610865.115
5,USA Atlantic,104977,USD,1,1,0.0025,4724978.325,614247.1822
5,USA Atlantic,116580,USD,1,1,0.1,4724978.325,803246.3152
5,USA Atlantic,116581,USD,1,1,0.1,140000000,40600000
5,USA Atlantic,116582,USD,1,1,0.1,99442334.3,27600000
5,USA Gulf,64052,USD,1,1,0.1,6506163.018,3122958.249
5,USA Gulf,64053,USD,1,1,0.048,6506163.018,0
5,USA Gulf,93335,USD,3.5,5.25,0.01,5192580.048,1973180.418
5,USA Gulf,95703,USD,3.5,5.25,0.0075,2219718.405,1054366.242
5,USA Gulf,117841,USD,1,1,0.2,28555726.34,0
5,USA Gulf,118041,USD,1,1,0.05,28555726.34,0
5,USA Midwest,63894,USD,1,1,0.1,14725261.26,4123073.154
5,USA Midwest,105299,USD,1,1,0.06,30532350.92,6869778.958
5,USA Midwest,106619,USD,1,1,0.1,17528859.08,4908080.542
5,USA Midwest,110844,USD,1,1,0.1,17665582.92,5299674.875
5,USA Nationwide,50805,USD,1,1.5,0.002,90459828.69,11868771.68
5,USA Nationwide,51007,USD,1,1.5,0.01,90459828.69,11868771.67
5,USA Nationwide,74520,USD,1,1.5,0.0055,90459828.69,12290865.21
5,USA Nationwide,76435,USD,1,1.5,0.002,90459828.69,12290865.21
5,USA Nationwide,91090,USD,1,1.5,0.02,9946454.362,5470549.899
5,USA Nationwide,94181,USD,1,1.5,0.1,9946454.362,5470549.899
5,USA Nationwide,97144,USD,1,1.5,0.0125,33638000.32,7400360.069
5,USA Nationwide,98502,USD,1,1.5,0.005,90459828.69,13523744.39
5,USA Nationwide,98526,USD,1,1.5,0.0015,90459828.69,13523744.39
5,USA Nationwide,99098,USD,1,1.5,0.08,13674112.9,0
5,USA Nationwide,104504,USD,1,1.5,0.1,6791772.903,1867737.548
5,United Kingdom,114298,GBP,1,1,0.06,6641299.171,2058802.743
5,United Kingdom,117016,GBP,1,1,0.005,6641299.171,2058802.743
5,Worldwide/Worldwide Ex US,63753,GBP,1,1,0.06,75000000,15000000
5,Worldwide/Worldwide Ex US,117015,GBP,1,1,0.005,75000000,15000000
5,Worldwide/Worldwide Ex US,117076,USD,1,1,0.15,11876059.39,3087775.441
6,Australia / New Zealand,96282,AUD,1,1.5,0.06,207486.2687,0
6,Australia / New Zealand,96725,AUD,1,1.5,0.005,722710428.8,0
6,Australia / New Zealand,96726,AUD,1,1.5,0.01,250000000,0
6,Australia / New Zealand,96730,AUD,1,1.5,0.01,7500000,0
6,Australia / New Zealand,96804,AUD,1,1.5,0.02,7500000,0
6,Australia / New Zealand,96808,AUD,1,1.5,0.02,250000000,0
6,Australia / New Zealand,96809,AUD,1,1.5,0.02,722710428.8,0
6,Australia / New Zealand,96960,AUD,1,1.5,0.02,5452176.236,0
6,Australia / New Zealand,96968,AUD,1,1.5,0.005,6447862.02,0
6,Australia / New Zealand,98881,AUD,1,1.5,0.005,38084738.14,0
6,Australia / New Zealand,99826,AUD,1,1.5,0.01,71710328.93,0
6,Australia / New Zealand,99827,AUD,1,1.5,0.01,60000000,0
6,Australia / New Zealand,99829,AUD,1,1.5,0.01,29665121.9,0
6,Australia / New Zealand,99899,AUD,1,1.5,0.09,60000000,0
6,Australia / New Zealand,99900,AUD,1,1.5,0.09,71710328.93,0
6,Australia / New Zealand,99904,AUD,1,1.5,0.09,29665121.9,0
6,Australia / New Zealand,100529,AUD,1,1.5,0.05,43786045.09,0
6,Australia / New Zealand,100775,AUD,1,1.5,0.0125,43786045.09,0
6,Australia / New Zealand,100789,AUD,1,1.5,0.02,2500000,0
6,Australia / New Zealand,100790,AUD,1,1.5,0.02,15000000,0
6,Australia / New Zealand,100791,AUD,1,1.5,0.02,14979675.01,0
6,Australia / New Zealand,100981,AUD,1,1.5,0.25,60000000,30600000
6,Australia / New Zealand,102080,AUD,1,1.5,0.01,207486.2687,0
6,Australia / New Zealand,102279,AUD,1,1.5,0.01,722710428.8,0
6,Australia / New Zealand,102280,AUD,1,1.5,0.01,250000000,0
6,Australia / New Zealand,102281,AUD,1,1.5,0.01,150000000,0
6,Australia / New Zealand,102282,AUD,1,1.5,0.01,60000000,0
6,Australia / New Zealand,102283,AUD,1,1.5,0.01,20000000,0
6,Australia / New Zealand,102284,AUD,1,1.5,0.01,7500000,0
6,Australia / New Zealand,102290,AUD,1,1.5,0.01,43786045.09,0
6,Australia / New Zealand,102453,AUD,1,1.5,0.005,38084738.14,0
6,Australia / New Zealand,102454,AUD,1,1.5,0.005,250000000,0
6,Caribbean Ex Puerto Rico,91150,USD,3.434,4.8076,0.01,40331563.05,5848076.643
6,Caribbean Ex Puerto Rico,91151,USD,3.434,4.8076,0.01,25000000,7312500
6,Caribbean Ex Puerto Rico,91282,USD,3.434,4.8076,0.035,25000000,10000000
6,Caribbean Ex Puerto Rico,91283,USD,3.434,4.8076,0.035,40331563.05,8066312.61
6,Caribbean Ex Puerto Rico,99887,CAD,3.434,4.8076,1,40050.55202,0
6,Caribbean Ex Puerto Rico,114914,USD,1,1,0.02,5828008.457,990761.4376
6,Caribbean Ex Puerto Rico,114915,USD,1,1,0.02,10000000,3500000
6,Continental Europe,106528,EUR,1,1,0.05,9132573.79,3784180.79
6,Continental Europe,106531,EUR,1,1,0.05,338450.652,143911.9576
6,Continental Europe,108908,EUR,1,1,0.1,10000000,5190000
6,Continental Europe,109766,CHF,1,1,0.02,30000000,4216000
6,Continental Europe,109767,CHF,1,1,0.02,60000000,3286000
6,Continental Europe,111674,CHF,1,1,0.075,20000000,6400000
6,Continental Europe,111675,CHF,1,1,0.05,33544834.73,5031725.209
6,Continental Europe,112690,EUR,1,1,0.05,12467378.13,3696577.616
6,Europe Wide,106787,EUR,1,1,0.085,59647403.29,14315376.79
6,Other Europe,99277,ZAR,1,1.25,0.03,59013317,13279665.11
6,Other Europe,99278,ZAR,1,1.25,0.03,156132984.2,56214938.55
6,Other Europe,101641,AED,1,1.25,0.1,119622267,3792337.839
6,Other Europe,101642,AED,1,1.25,0.1,200000000,15876000
6,Other Europe,102990,SAR,1,1.25,0.1,111042083,1173441.209
6,Other Europe,102991,SAR,1,1.25,0.1,204290092,5405517
6,USA Atlantic,90532,USD,1,1,0.015,24142229.27,8872269.255
6,USA Florida,76366,USD,3,4.5,0.005,65696962.25,28750000
6,USA Florida,90287,USD,3,4.5,0.2,331245.8351,0
6,USA Florida,93717,USD,3,4.5,0.1,11175201.64,6705120.987
6,USA Florida,94445,USD,3,4.5,0.05,7070855.886,4596056.326
6,USA Florida,98783,USD,3,4.5,0.04,65696962.25,28750000
6,USA Florida,98830,USD,3,4.5,0.001201,19367099.89,0
6,USA Florida,99799,USD,3,4.5,0.15,4690117.747,2626465.938
6,USA Florida,108556,USD,1,1,0.125,4950901.805,1732815.632
6,USA Midwest,106619,USD,1,1,0.1,31891253.84,8929551.075
6,USA Midwest,110844,USD,1,1,0.1,35012585.39,6000000
6,USA Nationwide,99098,USD,1,1.5,0.08,9408856.388,0
6,USA Nationwide,107359,USD,1,1,0.04,54752312.44,0
6,USA Nationwide,116067,USD,1,1,0.1,54752312.44,0
6,USA Northeast,95884,USD,2.135,2.7755,0.015,272408.1669,88532.65423
6,United Kingdom,100852,GBP,1,1.5,0.01,2253564.282,433811.1243
6,United Kingdom,104551,GBP,1,1.5,1,500000,200000
6,United Kingdom,104625,GBP,1,1.5,0.125,439086.86,166238.2852
7,Australia / New Zealand,99827,AUD,1,1.5,0.01,16004738.07,0
7,Australia / New Zealand,99899,AUD,1,1.5,0.09,16004738.07,0
7,Canada,97578,CAD,1,1,0.04,402346.7634,52305.07924
7,Caribbean Ex Puerto Rico,97610,USD,3.434,4.8076,0.05,20000000,5350000
7,Caribbean Ex Puerto Rico,97611,USD,3.434,4.8076,0.05,5000000,2200000
7,Caribbean Ex Puerto Rico,97612,USD,3.434,4.8076,0.05,12407145.46,1426821.727
7,Caribbean Ex Puerto Rico,99887,CAD,3.434,4.8076,1,0.423938539,0
7,Caribbean Ex Puerto Rico,99953,USD,3.434,4.8076,0.01,12407145.46,1426821.727
7,Caribbean Ex Puerto Rico,99954,USD,3.434,4.8076,0.01,5000000,2200000
7,Caribbean Ex Puerto Rico,99955,USD,3.434,4.8076,0.01,20000000,5350000
7,Caribbean Ex Puerto Rico,100061,DOP,3.434,4.8076,0.03,481323797.1,72150437.18
7,Continental Europe,97374,EUR,1.6,2,0.005,220000000,0
7,Continental Europe,97375,EUR,1.6,2,0.0045,27256994.03,0
7,Continental Europe,99248,EUR,3.886,4.8575,0.01,150000000,21000000
7,Continental Europe,102347,EUR,1.6,2,0.01,156342658.7,0
7,Continental Europe,102348,EUR,1.6,2,0.01,220000000,0
7,Continental Europe,102349,EUR,1.6,2,0.01,40000000,0
7,Continental Europe,102350,EUR,1.6,2,0.01,7546684.452,0
7,Continental Europe,102351,EUR,1.6,2,0.01,40000000,0
7,Continental Europe,105475,EUR,1,1,0.01,141981017.5,24902726.81
7,Continental Europe,105506,EUR,1,1,0.05,5353906.793,588929.7472
7,Continental Europe,105833,EUR,1,1,0.01,65000000,9425040
7,Continental Europe,105834,EUR,1,1,0.01,104204899.2,7815367.442
7,Continental Europe,106528,EUR,1,1,0.05,35952427.91,14897277.61
7,Continental Europe,106531,EUR,1,1,0.05,2024504.865,860835.8603
7,Continental Europe,108145,EUR,1,1,0.04,250000000,40000000
7,Continental Europe,108899,EUR,1,1,0.015,25840381.37,7228772.857
7,Continental Europe,108921,EUR,1,1,0.1,25000000,7500000
7,Continental Europe,108994,EUR,1,1,0.0275,29799242.43,595984.8485
7,Continental Europe,108995,EUR,1,1,0.0275,68000000,6902000
7,Continental Europe,108996,EUR,1,1,0.0275,135000000,4860000
7,Continental Europe,109456,EUR,1,1,0.07,15000000,1987500
7,Continental Europe,109457,EUR,1,1,0.07,6005750.927,276264.5427
7,Continental Europe,109766,CHF,1,1,0.02,12358604.6,1736795.9
7,Continental Europe,110050,EUR,1,1,0.05,41477692.51,2696050.013
7,Continental Europe,110198,EUR,1,1,0.02,50000000,3500000
7,Continental Europe,110199,EUR,1,1,0.04,15000000,5100000
7,Continental Europe,110200,EUR,1,1,0.02,20000000,4600000
7,Continental Europe,110201,EUR,1,1,0.02,50000000,5747500
7,Continental Europe,110257,EUR,1,1,0.0305,4031389.848,396688.7611
7,Continental Europe,110258,EUR,1,1,0.07,80000000,17008000
7,Continental Europe,110259,EUR,1,1,0.07,50373244.47,15504279
7,Continental Europe,110409,EUR,1,1,0.01,300000000,22055000
7,Continental Europe,110973,EUR,1,1,0.1,95000000,20900000
7,Continental Europe,111479,EUR,1,1,0.03,3963040.932,0
7,Continental Europe,111674,CHF,1,1,0.075,58792.64404,18813.64609
7,Continental Europe,112644,EUR,1,1,0.055,5500000,1802779
7,Continental Europe,112690,EUR,1,1,0.05,10710334.58,3175614.203
7,Continental Europe,113490,EUR,1,1,0.06225,27711768.38,0
7,Continental Europe,114479,EUR,1,1,0.5,20000000,5340000
7,Continental Europe,114581,EUR,1,1,0.0075,695074700.4,100785831.6
7,Continental Europe,115031,EUR,1,1,0.02,70000000,3150000
7,Continental Europe,115564,CHF,1,1,0.15,59175608.58,9468097.372
7,Continental Europe,115565,CHF,1,1,0.15,75000000,26250000
7,Continental Europe,115566,CHF,1,1,0.15,25000000,11750000
7,Continental Europe,115621,EUR,1,1,0.01,80000000,17009430
7,Continental Europe,115622,EUR,1,1,0.005,4031389.848,396688.2631
7,Continental Europe,115623,EUR,1,1,0.0125,50373244.47,19525020.91
7,Continental Europe,115658,EUR,1,1,0.035,88748255.15,6766303.053
7,Continental Europe,115659,EUR,1,1,0.035,110000000,17946084
7,Continental Europe,115958,EUR,1,1,0.0303065,5353906.793,0
7,Continental Europe,115961,EUR,1,1,0.0638925,83958097.08,0
7,Continental Europe,116922,EUR,1,1,0.017539476,141981017.5,0
7,Continental Europe,117754,EUR,1,1,0.1173123,20000000,7800000
7,Europe Wide,106335,EUR,1,1,0.165,16720965.22,3929426.826
7,Europe Wide,106788,EUR,1,1,0.015,70909613.71,8154605.577
7,Europe Wide,106798,EUR,1,1,0.01,200000000,35000000
7,Europe Wide,107159,EUR,1,1,0.0015,81053930.1,14589707.42
7,Europe Wide,107918,EUR,1,1,0.025,80000000,0
7,Europe Wide,107919,EUR,1,1,0.0225,32393502.01,0
7,Europe Wide,108231,EUR,1,1,0.02,81053930.1,14589707.42
7,Europe Wide,109471,EUR,1,1,0.01,295843081.6,0
7,Europe Wide,109807,DKK,1,1,0.01,9501160.939,1710208.969
7,Europe Wide,111869,EUR,1,1,0.05,63385912.25,10141745.96
7,Europe Wide,115270,DKK,1,1,0.03,150000000,45000000
7,Japan,91208,JPY,2,2.6,0.0015,3731177018,0
7,Japan,91209,JPY,2,2.6,0.0025,20000000000,0
7,Japan,91768,JPY,2,2.6,0.02,1295955394,355998946.8
7,Japan,91806,JPY,2,2.6,0.0025,1295955394,355998946.8
7,Japan,92365,JPY,2,2.6,0.03,20000000000,0
7,Japan,92366,JPY,2,2.6,0.01,3731177018,0
7,Japan,94456,JPY,2,2.6,0.02,239407942.7,0
7,Nordic Europe,107265,DKK,1,1,0.025,7922506.438,3129390.043
7,Nordic Europe,109291,SEK,1,1,0.1,60140160.31,28265875.35
7,Nordic Europe,116759,DKK,1,1,0.01,143841959.7,43152587.9
7,Other Asia Pacific,111303,TWD,1,1,0.04,25272691.6,7154067.173
7,Other Europe,78138,ZAR,1,1.25,1,36855081.81,0
7,Other Europe,99278,ZAR,1,1.25,0.03,71442689.8,25722600.75
7,Other Europe,102365,EUR,1,1.25,0.01,5441299.178,0
7,Other Europe,102366,EUR,1,1.25,0.01,3000000,282000
7,Other Europe,105476,PLN,1,1,0.015,400000000,7000000
7,Other Europe,105477,PLN,1,1,0.015,300000000,10785320
7,Other Europe,105478,PLN,1,1,0.015,200000000,14992780
7,Other Europe,106636,ZAR,1,1,1,78560484,43150138.77
7,Other Europe,107354,PLN,1,1,0.015,200000000,14992780
7,Other Europe,107355,PLN,1,1,0.015,300000000,10785320
7,Other Europe,107356,PLN,1,1,0.015,400000000,6992680
7,Puerto Rico,91748,USD,2.022,3.033,0.02,69933479.76,4545676.184
7,Puerto Rico,91749,USD,2.022,3.033,0.02,30000000,3120000
7,Puerto Rico,91750,USD,2.022,3.033,0.02,20000000,3420000
7,Puerto Rico,91757,USD,2.022,3.033,0.02,9198426.609,846255.248
7,Puerto Rico,91758,USD,2.022,3.033,0.02,5000000,665000
7,Puerto Rico,91781,USD,2.022,3.033,0.02,4000000,778086
7,Puerto Rico,91782,USD,2.022,3.033,0.025,9300000,1281540
7,Puerto Rico,91783,USD,2.022,3.033,0.02,18700000,1828860
7,Puerto Rico,91784,USD,2.022,3.033,0.0225,16878301.56,985692.8111
7,Puerto Rico,92479,USD,2.022,3.033,0.06,3000000,1125330
7,Puerto Rico,92480,USD,2.022,3.033,0.06,6000000,1087740
7,Puerto Rico,92481,USD,2.022,3.033,0.06,12000000,1420560
7,Puerto Rico,92482,USD,2.022,3.033,0.06,33000000,2224530
7,Puerto Rico,92483,USD,2.022,3.033,0.06,1002506.445,37724.31753
7,Puerto Rico,94054,USD,2.022,3.033,0.085,35000000,7000000
7,Puerto Rico,94055,USD,2.022,3.033,0.08,18876741.54,1321371.908
7,Puerto Rico,94816,USD,2.022,3.033,0.1,8000000,1200000
7,Puerto Rico,94817,USD,2.022,3.033,0.1,14500000,1160000
7,Puerto Rico,94818,USD,2.022,3.033,0.1,8232070.777,386907.3265
7,Puerto Rico,94824,USD,2.022,3.033,0.1,21500000,1440500
7,Puerto Rico,94825,USD,2.022,3.033,0.1,3770750.868,147059.2838
7,Puerto Rico,94826,USD,2.022,3.033,0.1,13000000,1690000
7,Puerto Rico,96217,USD,2.022,3.033,0.05,30000000,0
7,Puerto Rico,96218,USD,2.022,3.033,0.05,10000000,0
7,Puerto Rico,96220,USD,2.022,3.033,0.05,9000000,0
7,Puerto Rico,96221,USD,2.022,3.033,0.04,18000000,0
7,Puerto Rico,96222,USD,2.022,3.033,0.0375,17729364.6,0
7,Puerto Rico,102918,USD,2.022,3.033,0.01,18876741.54,1321371.908
7,Puerto Rico,102919,USD,2.022,3.033,0.01,35000000,7000000
7,Puerto Rico,104139,USD,2.022,3.033,0.01,13000000,1690000
7,Puerto Rico,104140,USD,2.022,3.033,0.01,3770750.868,147059.2838
7,Puerto Rico,104141,USD,2.022,3.033,0.01,21500000,1440500
7,Puerto Rico,104143,USD,2.022,3.033,0.01,8232070.777,279890.4064
7,Puerto Rico,104144,USD,2.022,3.033,0.01,14500000,1015000
7,Puerto Rico,104145,USD,2.022,3.033,0.01,8000000,1200000
7,USA Atlantic,90532,USD,1,1,0.015,4291762.996,1577222.901
7,USA Atlantic,115207,USD,1,1,0.1,24858186.65,1864363.999
7,USA Florida,76366,USD,3,4.5,0.005,9932518.72,5711198.264
7,USA Florida,90287,USD,3,4.5,0.2,1119340.14,0
7,USA Florida,98783,USD,3,4.5,0.04,9932518.72,5711198.264
7,USA Florida,99799,USD,3,4.5,0.15,3946609.104,2210101.098
7,USA Gulf,71594,USD,3.5,5.25,0.03,28921219.5,0
7,USA Gulf,72059,USD,3.5,5.25,0.005,21333112.37,1418651.973
7,USA Gulf,76369,USD,3.5,5.25,0.005,21333112.37,1418651.973
7,USA Gulf,94907,USD,3.5,5.25,0.005,21333112.37,1711982.268
7,USA Gulf,94950,USD,3.5,5.25,0.005,21333112.37,1711982.268
7,USA Gulf,95643,USD,3.5,5.25,0.025,3219778.426,611757.9009
7,USA Gulf,95644,USD,3.5,5.25,0.025,15000000,5250000
7,USA Gulf,104647,USD,3.5,5.25,0.01,21333112.37,1565317.12
7,USA Midwest,63894,USD,1,1,0.1,11998721.19,3359641.934
7,USA Midwest,106619,USD,1,1,0.1,7576057.144,2121296
7,USA Midwest,106993,USD,1,1,0.0025,11231340.48,1066977.346
7,USA Midwest,108429,USD,1,1,0.035,11231340.48,1066977.346
7,USA Midwest,110844,USD,1,1,0.1,3594923.133,1078476.94
7,USA Nationwide,91090,USD,1,1.5,0.02,15000000,8250000
7,USA Nationwide,91091,USD,1,1.5,0.03,49440255.62,14337674.13
7,USA Nationwide,91609,USD,1,1.5,0.0525,250000000,50833333.33
7,USA Nationwide,94179,USD,1,1.5,0.1,49440255.62,14337674.13
7,USA Nationwide,94181,USD,1,1.5,0.1,15000000,8250000
7,USA Nationwide,94272,USD,1,1.5,0.005,250000000,50833333.33
7,USA Nationwide,95177,USD,1,1.5,0.05,257415.0251,115836.7613
7,USA Nationwide,100711,USD,1,1.5,0.1,49440255.62,20764907.36
7,USA Nationwide,107312,USD,1,1,0.035,934976.1486,402039.7439
7,USA Nationwide,115735,USD,1,1,0.075,150000000,52500000
7,USA Nationwide,116437,USD,1,1,0.0075,16488211.75,3297642.349
7,USA Nationwide,116438,USD,1,1,0.0075,50000000,0
7,USA Nationwide,116446,USD,1,1.5,0.02,4507794.869,631091.2816
7,USA WestCoast,91024,USD,2,3,0.05,408851.4783,114478.4139
7,USA WestCoast,91064,USD,2,3,0.05,6724920.965,504369.0724
7,USA WestCoast,91065,USD,2,3,0.1,10000000,1325000
7,USA WestCoast,98706,USD,2,3,0.025,25000000,2700000
7,USA WestCoast,98707,USD,2,3,0.025,25000000,2237500
7,USA WestCoast,99554,USD,2,3,0.025,12324064.46,1602128.38
7,USA WestCoast,107444,USD,1,1,0.01,9000000,3240000
7,USA WestCoast,107445,USD,1,1,0.01,90000000,15300000
7,USA WestCoast,116984,USD,1,1,0.015,30301780.07,3030178.007
7,United Kingdom,97604,GBP,1,1.5,0.015,11819773.16,927852.193
7,United Kingdom,99711,GBP,1,1.5,0.004,11819773.16,927852.193
7,United Kingdom,100852,GBP,1,1.5,0.01,5857408.535,1127551.143
7,United Kingdom,104551,GBP,1,1.5,1,500000,200000
7,United Kingdom,104625,GBP,1,1.5,0.125,500000,189300
7,United Kingdom,106461,GBP,1,1,0.05,12220378.59,3030653.89
7,United Kingdom,107091,GBP,1,1,0.01,12220378.59,3030653.89
7,Worldwide/Worldwide Ex US,109823,USD,1,1,0.25,10000000,3100000
7,Worldwide/Worldwide Ex US,112178,EUR,1,1,0.2,2957666.52,1663687.417
7,Worldwide/Worldwide Ex US,113844,EUR,1,1,0.19,30000000,9000000
8,Australia / New Zealand,100981,AUD,1,1.5,0.25,10642993.23,5427926.545
8,Australia / New Zealand,102454,AUD,1,1.5,0.005,136412756.8,0
8,Canada,107088,CAD,1,1,0.01,12777199.01,4472169.441
8,Canada,109474,CAD,1,1,0.01,58854704.04,20599146.41
8,Canada,110028,CAD,1,1,0.01,82822350.72,24846705.22
8,Canada,115021,CAD,1,1,0.02,50000000,17500000
8,Caribbean Ex Puerto Rico,91150,USD,3.434,4.8076,0.01,59314676.57,8600628.102
8,Caribbean Ex Puerto Rico,91151,USD,3.434,4.8076,0.01,25000000,7312500
8,Caribbean Ex Puerto Rico,91282,USD,3.434,4.8076,0.035,25000000,10000000
8,Caribbean Ex Puerto Rico,91283,USD,3.434,4.8076,0.035,59314676.57,11862935.31
8,Caribbean Ex Puerto Rico,94764,USD,3.434,4.8076,0.005,3500000,339500
8,Caribbean Ex Puerto Rico,94899,USD,3.434,4.8076,0.02,2582567.778,129128.3889
8,Caribbean Ex Puerto Rico,96441,USD,3.434,4.8076,0.05,184873089.6,11092385.38
8,Caribbean Ex Puerto Rico,96442,USD,3.434,4.8076,0.0375,13000000,6175000
8,Caribbean Ex Puerto Rico,96443,USD,3.434,4.8076,0.0375,49000000,12495000
8,Caribbean Ex Puerto Rico,96444,USD,3.434,4.8076,0.0375,82000000,9225000
8,Caribbean Ex Puerto Rico,97501,USD,3.434,4.8076,0.02,34000000,7820000
8,Caribbean Ex Puerto Rico,97503,USD,3.434,4.8076,0.01,30571436.99,3362858.069
8,Caribbean Ex Puerto Rico,97610,USD,3.434,4.8076,0.05,20000000,5350000
8,Caribbean Ex Puerto Rico,97611,USD,3.434,4.8076,0.05,5000000,2200000
8,Caribbean Ex Puerto Rico,97612,USD,3.434,4.8076,0.05,40000000,4600000
8,Caribbean Ex Puerto Rico,97613,USD,3.434,4.8076,0.05,85000000,4930000
8,Caribbean Ex Puerto Rico,99887,CAD,3.434,4.8076,1,345.0616567,0
8,Caribbean Ex Puerto Rico,99952,USD,3.434,4.8076,0.01,85000000,4930000
8,Caribbean Ex Puerto Rico,99953,USD,3.434,4.8076,0.01,40000000,4600000
8,Caribbean Ex Puerto Rico,99954,USD,3.434,4.8076,0.01,5000000,2200000
8,Caribbean Ex Puerto Rico,99955,USD,3.434,4.8076,0.01,20000000,5350000
8,Caribbean Ex Puerto Rico,106412,BSD,1,1,0.0425,806205.5563,291443.3086
8,Caribbean Ex Puerto Rico,113209,ANG,1,1,0.09,28627689.86,973341.4554
8,Caribbean Ex Puerto Rico,113210,ANG,1,1,0.089,25000000,1425000
8,Caribbean Ex Puerto Rico,113211,ANG,1,1,0.085,15000000,2085000
8,Caribbean Ex Puerto Rico,113212,ANG,1,1,0.085,5000000,1550000
8,Caribbean Ex Puerto Rico,114915,USD,1,1,0.02,9332130.445,3266245.656
8,Caribbean Ex Puerto Rico,115017,USD,1,1,0.02,351973.831,146069.1399
8,Chile,105672,CLF,1,1,0.375,6162.044915,2372.387292
8,Continental Europe,106528,EUR,1,1,0.05,8517676.131,3529391.29
8,Continental Europe,106531,EUR,1,1,0.05,5250192.645,2232424.422
8,Continental Europe,115566,CHF,1,1,0.15,15591491.93,7328001.208
8,Europe Wide,105350,SEK,1,1,0.024,227795588.7,91118235.49
8,Japan,68314,JPY,2,2.6,0.117,3000000000,1192500000
8,Japan,90731,JPY,2,2.6,0.008,3000000000,1192500000
8,Japan,91208,JPY,2,2.6,0.0015,3336629388,0
8,Japan,91209,JPY,2,2.6,0.0025,20000000000,0
8,Japan,91406,JPY,2,2.6,0.07,230857380.7,106194395.1
8,Japan,92365,JPY,2,2.6,0.03,20000000000,0
8,Japan,92366,JPY,2,2.6,0.01,3336629388,0
8,Nordic Europe,106825,NOK,1,1,0.015,138664015.3,15253041.69
8,Nordic Europe,107204,NOK,1,1,0.01,138664015.3,15253041.69
8,Other Asia Pacific,111303,TWD,1,1,0.04,77575837.63,21959780.24
8,Other Europe,78138,ZAR,1,1.25,1,21034489.95,0
8,Other Europe,97455,ZAR,1,1.25,0.18,20000000,5316850
8,Other Europe,97457,ZAR,1,1.25,0.18,9504305.07,261368.3894
8,Other Europe,99278,ZAR,1,1.25,0.03,12201331.5,4393031.389
8,Other Europe,99648,ZAR,1,1.25,1,26040925.27,0
8,Other Europe,106636,ZAR,1,1,1,229152634.5,125864397.4
8,Puerto Rico,91748,USD,2.022,3.033,0.02,75000000,4875000
8,Puerto Rico,91749,USD,2.022,3.033,0.02,30000000,3120000
8,Puerto Rico,91750,USD,2.022,3.033,0.02,20000000,3420000
8,Puerto Rico,91755,USD,2.022,3.033,0.02,50000000,1600000
8,Puerto Rico,91756,USD,2.022,3.033,0.02,30000000,1500000
8,Puerto Rico,91757,USD,2.022,3.033,0.02,10000000,920000
8,Puerto Rico,91758,USD,2.022,3.033,0.02,5000000,665000
8,Puerto Rico,91761,USD,2.022,3.033,0.02,235000000,7872500
8,Puerto Rico,91781,USD,2.022,3.033,0.02,4000000,778086
8,Puerto Rico,91782,USD,2.022,3.033,0.025,9300000,1281540
8,Puerto Rico,91783,USD,2.022,3.033,0.02,18700000,1828860
8,Puerto Rico,91784,USD,2.022,3.033,0.0225,46600000,2721440
8,Puerto Rico,92479,USD,2.022,3.033,0.06,3000000,1125330
8,Puerto Rico,92480,USD,2.022,3.033,0.06,6000000,1087740
8,Puerto Rico,92481,USD,2.022,3.033,0.06,12000000,1420560
8,Puerto Rico,92482,USD,2.022,3.033,0.06,33000000,2224530
8,Puerto Rico,92483,USD,2.022,3.033,0.06,55000000,2069650
8,Puerto Rico,94053,USD,2.022,3.033,0.08,100000000,3400000
8,Puerto Rico,94054,USD,2.022,3.033,0.085,35000000,7000000
8,Puerto Rico,94055,USD,2.022,3.033,0.08,60000000,4200000
8,Puerto Rico,94816,USD,2.022,3.033,0.1,8000000,1200000
8,Puerto Rico,94817,USD,2.022,3.033,0.1,14500000,1160000
8,Puerto Rico,94818,USD,2.022,3.033,0.1,37000000,1739000
8,Puerto Rico,94819,USD,2.022,3.033,0.1,67250000,2084750
8,Puerto Rico,94824,USD,2.022,3.033,0.1,21500000,1440500
8,Puerto Rico,94825,USD,2.022,3.033,0.1,54500000,2125500
8,Puerto Rico,94826,USD,2.022,3.033,0.1,13000000,1690000
8,Puerto Rico,94830,USD,2.022,3.033,0.265,85000000,2167500
8,Puerto Rico,94835,USD,2.022,3.033,0.235,65000000,2210000
8,Puerto Rico,96217,USD,2.022,3.033,0.05,30000000,0
8,Puerto Rico,96218,USD,2.022,3.033,0.05,10000000,0
8,Puerto Rico,96220,USD,2.022,3.033,0.05,9000000,0
8,Puerto Rico,96221,USD,2.022,3.033,0.04,18000000,0
8,Puerto Rico,96222,USD,2.022,3.033,0.0375,32000000,0
8,Puerto Rico,97231,USD,2.022,3.033,0.06,30000000,687600
8,Puerto Rico,102918,USD,2.022,3.033,0.01,60000000,4200000
8,Puerto Rico,102919,USD,2.022,3.033,0.01,35000000,7000000
8,Puerto Rico,102920,USD,2.022,3.033,0.01,100000000,3400000
8,Puerto Rico,104139,USD,2.022,3.033,0.01,13000000,1690000
8,Puerto Rico,104140,USD,2.022,3.033,0.01,54500000,2125500
8,Puerto Rico,104141,USD,2.022,3.033,0.01,21500000,1440500
8,Puerto Rico,104142,USD,2.022,3.033,0.01,67250000,1345000
8,Puerto Rico,104143,USD,2.022,3.033,0.01,37000000,1258000
8,Puerto Rico,104144,USD,2.022,3.033,0.01,14500000,1015000
8,Puerto Rico,104145,USD,2.022,3.033,0.01,8000000,1200000
8,Puerto Rico,113691,USD,2.022,3.033,0.01,65000000,2210000
8,Puerto Rico,113694,USD,2.022,3.033,0.01,85000000,2167500
8,USA Atlantic,90530,USD,1,1,0.015,115828036.6,16500000
8,USA Atlantic,90531,USD,1,1,0.015,5773419.045,883333.1138
8,USA Atlantic,90532,USD,1,1,0.015,60000000,11025000
8,USA Atlantic,116581,USD,1,1,0.1,5773419.045,1674291.523
8,USA Atlantic,116582,USD,1,1,0.1,115828036.6,27600000
8,USA Florida,76366,USD,3,4.5,0.005,15529712.16,8929584.49
8,USA Florida,90287,USD,3,4.5,0.2,7500000,0
8,USA Florida,90288,USD,3,4.5,0.2,2362686.207,0
8,USA Florida,94445,USD,3,4.5,0.05,10747912.79,6986143.314
8,USA Florida,98783,USD,3,4.5,0.04,15529712.16,8929584.49
8,USA Florida,98830,USD,3,4.5,0.001201,976464.63,0
8,USA Florida,99799,USD,3,4.5,0.15,226593.6691,126892.4547
8,USA Florida,108556,USD,1,1,0.125,6755557.861,2364445.251
8,USA Gulf,117841,USD,1,1,0.2,52590992.98,0
8,USA Gulf,118041,USD,1,1,0.05,52590992.98,0
8,USA Midwest,106619,USD,1,1,0.1,21666537.61,6066630.53
8,USA Midwest,107223,USD,1,1,0.0125,26071958.48,0
8,USA Midwest,107226,USD,1,1,0.01,2174781.976,652434.5929
8,USA Midwest,110844,USD,1,1,0.1,9351588.946,2805476.684
8,USA Nationwide,63875,USD,1,1,0.0025,70000000,17150000
8,USA Nationwide,91090,USD,1,1.5,0.02,15000000,8250000
8,USA Nationwide,91091,USD,1,1.5,0.03,16627370.36,4821937.404
8,USA Nationwide,94179,USD,1,1.5,0.1,16627370.36,4821937.404
8,USA Nationwide,94181,USD,1,1.5,0.1,15000000,8250000
8,USA Nationwide,97482,USD,1,1.5,0.01,350000000,126000000
8,USA Nationwide,100711,USD,1,1.5,0.1,16627370.36,6983495.551
8,USA Nationwide,107095,USD,1,1,0.015,5728325.57,1088381.858
8,USA Nationwide,107359,USD,1,1,0.04,13974772.08,0
8,USA Nationwide,109177,USD,1,1,0.0075,354688516.4,0
8,USA Nationwide,115791,USD,1,1,0.075,264103625.4,0
8,USA Nationwide,116067,USD,1,1,0.1,13974772.08,0
8,USA Nationwide,117010,USD,1,1,0.1,96148988.97,0
8,USA Northeast,95884,USD,2.135,2.7755,0.015,135612.1804,44073.95863
8,USA WestCoast,107444,USD,1,1,0.01,4139732.571,1490303.726
8,Worldwide/Worldwide Ex US,63753,GBP,1,1,0.06,8746187.741,1749237.548
8,Worldwide/Worldwide Ex US,63872,USD,1,1,0.0025,130241302.5,7553995.546
8,Worldwide/Worldwide Ex US,63873,USD,1,1,0.0025,225000000,19575000
8,Worldwide/Worldwide Ex US,63874,USD,1,1,0.0025,160000000,22800000
8,Worldwide/Worldwide Ex US,63879,USD,1,1,0.006,45241302.51,3619304.201
8,Worldwide/Worldwide Ex US,63883,USD,1,1,0.0025,265000000,32462500
8,Worldwide/Worldwide Ex US,98039,USD,1,1.5,0.005,190594621.4,0
8,Worldwide/Worldwide Ex US,98041,USD,1,1.5,0.005,125000000,0
8,Worldwide/Worldwide Ex US,100383,USD,1,1.5,0.15,10000000,3333000
8,Worldwide/Worldwide Ex US,100384,USD,1,1.5,0.15,5447400.815,1007769.151
8,Worldwide/Worldwide Ex US,100968,USD,1,1.5,0.01,300000000,0
8,Worldwide/Worldwide Ex US,108324,EUR,1,1,0.02,2421682.794,538097.9169
8,Worldwide/Worldwide Ex US,108616,USD,1,1,0.02,42215540.96,0
8,Worldwide/Worldwide Ex US,108838,CHF,1,1,0.2,25000000,7250000
8,Worldwide/Worldwide Ex US,112497,CHF,1,1,0.2,21509410.7,3226411.605
8,Worldwide/Worldwide Ex US,113844,EUR,1,1,0.19,30000000,9000000
8,Worldwide/Worldwide Ex US,117015,GBP,1,1,0.005,8746187.741,1749237.548
9,Australia / New Zealand,99826,AUD,1,1.5,0.01,1631086.089,0
9,Australia / New Zealand,99827,AUD,1,1.5,0.01,60000000,0
9,Australia / New Zealand,99829,AUD,1,1.5,0.01,33724066.27,0
9,Australia / New Zealand,99899,AUD,1,1.5,0.09,60000000,0
9,Australia / New Zealand,99900,AUD,1,1.5,0.09,1631086.089,0
9,Australia / New Zealand,99904,AUD,1,1.5,0.09,33724066.27,0
9,Australia / New Zealand,100789,AUD,1,1.5,0.02,2500000,0
9,Australia / New Zealand,100790,AUD,1,1.5,0.02,535813.0027,0
9,Australia / New Zealand,100980,AUD,1,1.5,0.15,20000000,8400000
9,Australia / New Zealand,100981,AUD,1,1.5,0.25,105039060.5,57398240.97
9,Australia / New Zealand,102454,AUD,1,1.5,0.005,189700670.3,0
9,Caribbean Ex Puerto Rico,99887,CAD,3.434,4.8076,1,3674.95362,0
9,Chile,105672,CLF,1,1,0.375,4919.084826,1893.847658
9,Continental Europe,106528,EUR,1,1,0.05,10267894.55,4254613.233
9,Continental Europe,106531,EUR,1,1,0.05,2084917.889,886523.9673
9,Europe Wide,105350,SEK,1,1,0.024,58246064.47,23298425.79
9,Europe Wide,105911,DKK,1,1,0.075,47326105.16,8045437.877
9,Europe Wide,109806,DKK,1,1,0.01,611730006,53526375.53
9,Europe Wide,109807,DKK,1,1,0.01,400000000,72000000
9,Europe Wide,115270,DKK,1,1,0.03,150000000,45000000
9,Japan,68314,JPY,2,2.6,0.117,3000000000,1192500000
9,Japan,90731,JPY,2,2.6,0.008,3000000000,1192500000
9,Japan,91209,JPY,2,2.6,0.0025,6098270230,0
9,Japan,91406,JPY,2,2.6,0.07,2000000000,920000000
9,Japan,91408,JPY,2,2.6,0.01,709592464.6,113534794.3
9,Japan,91524,JPY,2,2.6,0.0035,20000000000,7350000000
9,Japan,91525,JPY,2,2.6,0.002,41785482739,10446370685
9,Japan,91535,JPY,2,2.6,0.01,41785482739,10446370685
9,Japan,91536,JPY,2,2.6,0.02,20000000000,7350000000
9,Japan,91766,JPY,2,2.6,0.01,45000000000,3519000000
9,Japan,91767,JPY,2,2.6,0.01,45000000000,6286500000
9,Japan,91768,JPY,2,2.6,0.02,35000000000,9614500000
9,Japan,91806,JPY,2,2.6,0.0025,35000000000,9614500000
9,Japan,91807,JPY,2,2.6,0.005,45000000000,6286500000
9,Japan,91808,JPY,2,2.6,0.0025,45000000000,3519000000
9,Japan,92365,JPY,2,2.6,0.03,6098270230,0
9,Japan,93229,JPY,2,2.6,0.04,15000000000,4050000000
9,Japan,93442,JPY,2,2.6,0.01,7481080269,1982486271
9,Japan,93461,JPY,2,2.6,0.01,20000000000,7350000000
9,Japan,93462,JPY,2,2.6,0.015,41785482739,10446370685
9,Japan,94456,JPY,2,2.6,0.02,3726500757,0
9,Japan,98607,JPY,2,2.6,0.015,2269534217,145250189.9
9,Japan,98608,JPY,2,2.6,0.02,5000000000,690000000
9,Nordic Europe,106825,NOK,1,1,0.015,307493954.7,33824335.02
9,Nordic Europe,107204,NOK,1,1,0.01,307493954.7,33824335.02
9,Nordic Europe,107265,DKK,1,1,0.025,25000000,9875000
9,Nordic Europe,107266,DKK,1,1,0.025,50000000,12000000
9,Nordic Europe,107267,DKK,1,1,0.0125,56089737.14,5526985.662
9,Nordic Europe,107450,DKK,1,1,0.01,300000000,60000000
9,Nordic Europe,112453,DKK,1,1,0.0315,300000000,60000000
9,Nordic Europe,116759,DKK,1,1,0.01,150000000,45000000
9,Nordic Europe,116760,DKK,1,1,0.005,400000000,72000000
9,Nordic Europe,116761,DKK,1,1,0.0025,610584351.5,53426130.75
9,Nordic Europe,116821,DKK,1,1,0.05,62514557.91,5313562.561
9,Nordic Europe,116937,DKK,1,1,0.025,62514557.91,5313737.423
9,Other Asia Pacific,111303,TWD,1,1,0.04,295541104,83660298.03
9,Other Europe,78138,ZAR,1,1.25,1,150000000,0
9,Other Europe,107928,ZAR,1,1,0.0075,1111525894,188959402
9,USA Atlantic,90530,USD,1,1,0.015,72441148.72,16500000
9,USA Atlantic,90531,USD,1,1,0.015,61681570.48,9437280.284
9,USA Atlantic,90532,USD,1,1,0.015,60000000,11025000
9,USA Atlantic,106632,USD,1,1,0.125,22563304.1,6204908.627
9,USA Atlantic,116581,USD,1,1,0.1,61681570.48,17887655.44
9,USA Atlantic,116582,USD,1,1,0.1,72441148.72,27600000
9,USA Florida,76366,USD,3,4.5,0.005,4062577.797,2335982.233
9,USA Florida,90287,USD,3,4.5,0.2,1513352.16,0
9,USA Florida,94445,USD,3,4.5,0.05,12352436.68,8029083.843
9,USA Florida,98783,USD,3,4.5,0.04,4062577.797,2335982.233
9,USA Florida,99799,USD,3,4.5,0.15,2601046.355,1456585.959
9,USA Florida,106895,USD,1,1,0.025,2265394.498,679618.3495
9,USA Florida,108556,USD,1,1,0.125,2869604.861,1004361.701
9,USA Gulf,64052,USD,1,1,0.1,70000000,24000000
9,USA Gulf,64053,USD,1,1,0.048,60000000,0
9,USA Gulf,64054,USD,1,1,0.1,150000000,26250000
9,USA Gulf,64055,USD,1,1,0.035,75000000,0
9,USA Gulf,64056,USD,1,1,0.1,161591299.8,27125000
9,USA Gulf,64057,USD,1,1,0.0175,155000000,0
9,USA Gulf,64058,USD,1,1,0.1,37929307.56,3508460.95
9,USA Gulf,64059,USD,1,1,0.00925,37929307.56,0
9,USA Gulf,90432,USD,3.5,5.25,0.025,29264293.63,2004604.114
9,USA Gulf,90433,USD,3.5,5.25,0.05,10000000,1340000
9,USA Gulf,90434,USD,3.5,5.25,0.05,5000000,1287500
9,USA Gulf,90998,USD,3.5,5.25,0.025,70738675.59,8134947.693
9,USA Gulf,91795,USD,3.5,5.25,0.0075,120000000,0
9,USA Gulf,92509,USD,3.5,5.25,0.01,3646107.129,182305.3564
9,USA Gulf,92510,USD,3.5,5.25,0.01,50000000,3700000
9,USA Gulf,92511,USD,3.5,5.25,0.01,50000000,7500000
9,USA Gulf,92615,USD,3.5,5.25,0.0075,72045964.76,0
9,USA Gulf,94284,USD,3.5,5.25,0.04,3646107.129,182305.3564
9,USA Gulf,94285,USD,3.5,5.25,0.045,50000000,3700000
9,USA Gulf,94286,USD,3.5,5.25,0.05,50000000,6250000
9,USA Gulf,94482,USD,3.5,5.25,0.02,2036000000,0
9,USA Gulf,94765,USD,3.5,5.25,0.0035,2036000000,0
9,USA Gulf,94804,USD,3.5,5.25,0.01,199896178.8,20989098.77
9,USA Gulf,95186,USD,3.5,5.25,0.0075,110000000,21175000
9,USA Gulf,95232,USD,3.5,5.25,0.0102227,189607386.9,0
9,USA Gulf,95297,USD,3.5,5.25,0.0175,60000000,18600000
9,USA Gulf,95363,USD,3.5,5.25,0.05,22379019.09,1118950.954
9,USA Gulf,95560,USD,3.5,5.25,0.0075,60000000,18300000
9,USA Gulf,95703,USD,3.5,5.25,0.0075,40000000,19000000
9,USA Gulf,97070,USD,3.5,5.25,0.005,25000000,7250000
9,USA Gulf,97146,USD,3.5,5.25,0.0125,19135719.83,1722214.785
9,USA Gulf,97230,USD,3.5,5.25,0.05,40000000,3300000
9,USA Gulf,97306,USD,3.5,5.25,0.05,22379019.09,1118950.954
9,USA Gulf,99890,USD,3.5,5.25,0.02,114849716.4,6029610.113
9,USA Gulf,99891,USD,3.5,5.25,0.02,120000000,14700000
9,USA Gulf,100396,USD,3.5,5.25,0.0075,120000000,14700000
9,USA Gulf,100397,USD,3.5,5.25,0.0075,114849716.4,6029610.113
9,USA Gulf,102400,USD,3.5,5.25,0.0213,19135719.83,2104929.181
9,USA Gulf,107004,USD,1,1,0.00808,37929307.56,3223991.143
9,USA Gulf,107006,USD,1,1,0.005,161591299.8,24800000
9,USA Gulf,112489,USD,1,1,0.2,12159894.86,5471952.687
9,USA Gulf,117841,USD,1,1,0.2,51805379.21,0
9,USA Gulf,118041,USD,1,1,0.05,51805379.21,0
9,USA Midwest,104674,USD,1.912,2.868,0.3,8068304.053,403415.2026
9,USA Midwest,104816,USD,1.912,2.868,0.08,8068304.053,403415.2026
9,USA Midwest,107222,USD,1,1,0.0125,8742828.676,0
9,USA Midwest,107223,USD,1,1,0.0125,50000000,0
9,USA Midwest,107226,USD,1,1,0.01,6489946.746,1946984.024
9,USA Midwest,116353,USD,1,1,0.1,7750511.513,3100204.605
9,USA Midwest,116354,USD,1,1,0.1,45190151.34,16500000
9,USA Midwest,116814,USD,1,1,0.0125,7750511.513,3100204.605
9,USA Midwest,116815,USD,1,1,0.0125,45190151.34,16500000
9,USA Nationwide,49709,USD,1,1.5,0.0075,53016758.92,10603351.78
9,USA Nationwide,63875,USD,1,1,0.0025,40336392.26,9882416.104
9,USA Nationwide,90515,USD,1,1,0.025,34133641.45,8362742.154
9,USA Nationwide,90921,USD,1,1.5,0.015,707670182.9,132500000
9,USA Nationwide,90922,USD,1,1.5,0.015,239366739,32314509.77
9,USA Nationwide,90949,USD,1,1.5,0.0215,707670182.9,109250000
9,USA Nationwide,90950,USD,1,1.5,0.0215,239366739,27766541.73
9,USA Nationwide,90959,USD,1,1.5,0.005,891740614.1,214017747.4
9,USA Nationwide,91118,USD,1,1.5,0.9090909,22000000,0
9,USA Nationwide,92436,USD,1,1.5,0.05,4504922.061,743312.14
9,USA Nationwide,93998,USD,1,1.5,0.02,20000000,4500000
9,USA Nationwide,94017,USD,1,1.5,0.02,338358191.3,91356711.64
9,USA Nationwide,94299,USD,1,1.5,0.025,52845263.05,19024294.7
9,USA Nationwide,94425,USD,1,1.5,0.005,52845263.05,19024294.7
9,USA Nationwide,94883,USD,1,1.5,0.05,1453654.68,236218.8855
9,USA Nationwide,94884,USD,1,1.5,0.05,6000000,900000
9,USA Nationwide,95177,USD,1,1.5,0.05,1615612.662,727025.6979
9,USA Nationwide,95212,USD,1,1.5,0.003,3540475430,0
9,USA Nationwide,95534,USD,1,1.5,0.0015,338358191.3,91356711.64
9,USA Nationwide,97096,USD,1,1.5,0.16,1751981.334,192717.9467
9,USA Nationwide,97143,USD,1,1.5,0.0125,90000000,12600000
9,USA Nationwide,97144,USD,1,1.5,0.0125,50000000,11000000
9,USA Nationwide,97482,USD,1,1.5,0.01,279904577.7,100765648
9,USA Nationwide,99643,USD,1,1.5,0.05,5472052.314,642966.1468
9,USA Nationwide,101849,USD,1,1.5,0.075,25606520.14,8322119.045
9,USA Nationwide,102415,USD,1,1.5,0.04,27500000,7837500
9,USA Nationwide,102744,USD,1,1,0.035,200000000,96000000
9,USA Nationwide,104503,USD,1,1.5,0.1,16583282.74,1907077.515
9,USA Nationwide,104504,USD,1,1.5,0.1,20000000,5500000
9,USA Nationwide,107359,USD,1,1,0.04,63465225.91,0
9,USA Nationwide,109177,USD,1,1,0.0075,345018825.4,0
9,USA Nationwide,115791,USD,1,1,0.075,395854550.9,0
9,USA Nationwide,115996,USD,1,1,0.2,85769328.91,13000000
9,USA Nationwide,116022,USD,1,1,0.0325,85769328.91,13000000
9,USA Nationwide,116067,USD,1,1,0.1,63465225.91,0
9,USA Nationwide,116437,USD,1,1,0.0075,9391854.431,1878370.886
9,USA Nationwide,116438,USD,1,1,0.0075,50000000,0
9,USA Nationwide,116446,USD,1,1.5,0.02,15043811.87,2106133.662
9,USA Nationwide,116915,USD,1,1,0.12,52450066.6,0
9,USA Nationwide,117010,USD,1,1,0.1,202346666.3,0
9,USA Nationwide,117457,USD,1,1,0.005,63021865.12,10398607.74
9,USA Northeast,110552,USD,1,1,0.075,75000000,13500000
9,USA Northeast,110553,USD,1,1,0.065,73977365.14,7397736.514
9,USA Northeast,110876,USD,1,1,0.0025,73977365.14,7397736.514
9,USA Northeast,110877,USD,1,1,0.0075,75000000,13500000
9,USA WestCoast,91024,USD,2,3,0.05,1249302.007,349804.5619
9,Worldwide/Worldwide Ex US,110527,EUR,1,1,0.18,43715558.7,16699343.42
9,Worldwide/Worldwide Ex US,112043,USD,1,1,0.333333333,5024761.961,2293803.835
9,Worldwide/Worldwide Ex US,117076,USD,1,1,0.15,4700.26831,1222.069761
10,Australia / New Zealand,96730,AUD,1,1.5,0.01,354251.2137,0
10,Australia / New Zealand,96804,AUD,1,1.5,0.02,354251.2137,0
10,Australia / New Zealand,100981,AUD,1,1.5,0.25,6977512.818,3558531.537
10,Australia / New Zealand,102284,AUD,1,1.5,0.01,354251.2137,0
10,Australia / New Zealand,102454,AUD,1,1.5,0.005,35860522.63,0
10,Caribbean Ex Puerto Rico,99887,CAD,3.434,4.8076,1,194383.4623,0
10,Caribbean Ex Puerto Rico,100934,DOP,3.434,4.8076,0.038,255000000,52275000
10,Caribbean Ex Puerto Rico,100935,DOP,3.434,4.8076,0.0265,112764521.7,16181708.86
10,Continental Europe,106528,EUR,1,1,0.05,9652866.97,3999769.9
10,Continental Europe,106530,EUR,1,1,0.05,6417371.64,1907536.679
10,Continental Europe,106531,EUR,1,1,0.05,6135381.761,2608814.001
10,Continental Europe,108908,EUR,1,1,0.1,10000000,5190000
10,Continental Europe,109766,CHF,1,1,0.02,3462361.277,486577.1715
10,Continental Europe,111672,CHF,1,1,0.05,4049428.997,198790.5181
10,Continental Europe,111674,CHF,1,1,0.075,40000000,12800000
10,Continental Europe,111675,CHF,1,1,0.05,66111842.34,6000000
10,Japan,91406,JPY,2,2.6,0.07,341672100.3,157169166.2
10,Japan,91524,JPY,2,2.6,0.0035,1762416493,647688061.2
10,Japan,91536,JPY,2,2.6,0.02,1762416493,647688061.2
10,Japan,93461,JPY,2,2.6,0.01,1762416493,647688061.2
10,Nordic Europe,109291,SEK,1,1,0.1,228947548,107605347.5
10,Other Asia Pacific,99089,CNY,1.2,1.68,0.01,188248170.1,24472262.11
10,Other Asia Pacific,111303,TWD,1,1,0.04,151515670.3,42890298.36
10,Other Europe,99278,ZAR,1,1.25,0.03,66240721.9,23849656.95
10,Other Europe,101642,AED,1,1.25,0.1,32188782,2555145.515
10,Other Europe,102364,EUR,1,1.25,0.01,22422690.21,0
10,Other Europe,102365,EUR,1,1.25,0.01,10000000,0
10,Other Europe,102366,EUR,1,1.25,0.01,3393305.976,318970.7618
10,Other Europe,102991,SAR,1,1.25,0.1,27898690,738199.4966
10,USA Florida,76366,USD,3,4.5,0.005,39299405.53,22597158.18
10,USA Florida,93717,USD,3,4.5,0.1,6560266.646,3936159.987
10,USA Florida,94445,USD,3,4.5,0.05,5792436.836,3765083.943
10,USA Florida,98783,USD,3,4.5,0.04,39299405.53,22597158.18
10,USA Florida,98830,USD,3,4.5,0.001201,14489925.64,0
10,USA Florida,99799,USD,3,4.5,0.15,4468317.779,2502257.956
10,USA Gulf,64052,USD,1,1,0.1,4246422.31,2038282.709
10,USA Gulf,64053,USD,1,1,0.048,4246422.31,0
10,USA Gulf,91795,USD,3.5,5.25,0.0075,52856459.11,0
10,USA Gulf,93335,USD,3.5,5.25,0.01,20000000,7600000
10,USA Gulf,93336,USD,3.5,5.25,0.01,80000000,21600000
10,USA Gulf,95186,USD,3.5,5.25,0.0075,110000000,21175000
10,USA Gulf,95297,USD,3.5,5.25,0.0175,31555964.73,9782349.065
10,USA Gulf,95560,USD,3.5,5.25,0.0075,60000000,18300000
10,USA Gulf,95644,USD,3.5,5.25,0.025,11805063.33,4131772.164
10,USA Gulf,95703,USD,3.5,5.25,0.0075,40000000,19000000
10,USA Gulf,112489,USD,1,1,0.2,26445391.48,11900426.16
10,USA Midwest,105668,USD,1,1,0.0125,29146833.92,5246430.106
10,USA Midwest,107223,USD,1,1,0.0125,14093703.36,0
10,USA Midwest,116352,USD,1,1,0.075,29146833.92,5246430.106
10,USA Midwest,116353,USD,1,1,0.1,50000000,20000000
10,USA Midwest,116354,USD,1,1,0.1,30000000,16500000
10,USA Midwest,116814,USD,1,1,0.0125,50000000,20000000
10,USA Midwest,116815,USD,1,1,0.0125,30000000,16500000
10,USA Nationwide,95817,USD,1,1.5,0.1,1680641.655,563014.9543
10,USA Nationwide,97781,USD,1,1.5,0.1,12752902.59,0
10,USA Nationwide,99098,USD,1,1.5,0.08,18907689.35,0
10,USA Nationwide,101849,USD,1,1.5,0.075,31931143.77,10377621.72
10,USA Nationwide,116438,USD,1,1,0.0075,6834114.471,0
10,USA Northeast,95884,USD,2.135,2.7755,0.015,126648.5727,41160.78611
10,USA WestCoast,63034,USD,1,1,0.0085,44248111.31,10951407.55
10,USA WestCoast,63684,USD,1,1,0.08,5961803.044,1192360.609
10,USA WestCoast,63688,USD,1,1,0.08,44248111.31,10951407.55
10,USA WestCoast,102693,USD,1,1,0.0075,5961803.044,1192360.609
10,USA WestCoast,107444,USD,1,1,0.01,3703196.539,1333150.754
10,Worldwide/Worldwide Ex US,108616,USD,1,1,0.02,53765136.69,0
11,Australia / New Zealand,96282,AUD,1,1.5,0.06,1860948.086,0
11,Australia / New Zealand,102080,AUD,1,1.5,0.01,1860948.086,0
11,Canada,107417,CAD,1,1,0.005,5861105.525,2813330.652
11,Canada,108288,CAD,1,1,0.025,5861105.525,2813299.985
11,Caribbean Ex Puerto Rico,99887,CAD,3.434,4.8076,1,266686.7548,0
11,Continental Europe,108908,EUR,1,1,0.1,19695406.53,10221915.99
11,Continental Europe,108921,EUR,1,1,0.1,11187871.11,3356361.332
11,Continental Europe,110199,EUR,1,1,0.04,10026420.79,3408983.07
11,Continental Europe,112638,EUR,1,1,0.025,24942097.48,2862105.685
11,Continental Europe,113490,EUR,1,1,0.06225,24045828.52,0
11,Europe Wide,105350,SEK,1,1,0.024,18870965.93,7548386.371
11,Europe Wide,106787,EUR,1,1,0.085,33706398.35,8089535.605
11,Latin America Exc Chile,111049,USD,1,1,0.1,121712.1652,29210.91965
11,Latin America Exc Chile,111057,USD,1,1,0.095,4874089.121,682372.4769
11,Latin America Exc Chile,111058,USD,1,1,0.095,2900000,870000
11,Latin America Exc Chile,111160,USD,1,1,0.15,25000000,3125000
11,Latin America Exc Chile,111161,USD,1,1,0.15,50000000,11250000
11,Nordic Europe,107272,SEK,1,1,0.005,297501240.1,68425285.23
11,Nordic Europe,109291,SEK,1,1,0.1,225000000,105750000
11,Nordic Europe,109292,SEK,1,1,0.1,297501240.1,75862816.24
11,Other Europe,99278,ZAR,1,1.25,0.03,91526853.8,32953808.5
11,USA Atlantic,96518,USD,3,4.5,0.03,867960.7456,210480.4808
11,USA Florida,94445,USD,3,4.5,0.05,13305094.67,8648311.539
11,USA Florida,108556,USD,1,1,0.125,14026000.47,4909100.163
11,USA Gulf,64052,USD,1,1,0.1,20000000,9600000
11,USA Gulf,64053,USD,1,1,0.048,20000000,0
11,USA Gulf,64054,USD,1,1,0.1,52703777.06,18446321.97
11,USA Gulf,64055,USD,1,1,0.035,52703777.06,0
11,USA Gulf,93335,USD,3.5,5.25,0.01,20000000,7600000
11,USA Gulf,93336,USD,3.5,5.25,0.01,80000000,21600000
11,USA Gulf,95297,USD,3.5,5.25,0.0175,3265933.958,1012439.527
11,USA Gulf,95560,USD,3.5,5.25,0.0075,8535188.628,2603232.531
11,USA Gulf,95643,USD,3.5,5.25,0.025,26036490.33,4946933.163
11,USA Gulf,95644,USD,3.5,5.25,0.025,15000000,5250000
11,USA Gulf,95703,USD,3.5,5.25,0.0075,40000000,19000000
11,USA Gulf,98124,USD,3.5,5.25,0.025,74566456.56,11184968.48
11,USA Gulf,98125,USD,3.5,5.25,0.025,20000000,5000000
11,USA Gulf,98126,USD,3.5,5.25,0.025,15000000,5250000
11,USA Gulf,102392,USD,3.5,5.25,0.01,74566456.56,17150285.01
11,USA Gulf,112489,USD,1,1,0.2,55000000,24750000
11,USA Gulf,117841,USD,1,1,0.2,41132367.64,0
11,USA Gulf,118041,USD,1,1,0.05,41132367.64,0
11,USA Midwest,63894,USD,1,1,0.1,40000000,5600000
11,USA Midwest,63895,USD,1,1,0.01,50848158.03,4500000
11,USA Midwest,63896,USD,1,1,0.0134,7885140.042,275979.9015
11,USA Midwest,63897,USD,1,1,0.02,50848158.03,10000000
11,USA Midwest,90064,USD,1.912,2.868,0.15,6504883.52,975732.5279
11,USA Midwest,105299,USD,1,1,0.06,144992456.2,29250000
11,USA Midwest,105668,USD,1,1,0.0125,8707035.407,1567266.373
11,USA Midwest,106619,USD,1,1,0.1,40000000,11200000
